timestamp,%usr,%nice,%sys,%iowait,%irq,%soft,%steal,%guest,%gnice,%idle
2022-08-30T19:58:50,4.21,0.00,1.93,1.74,0.00,0.23,0.00,0.00,0.00,91.90
2022-08-30T19:58:51,1.58,0.00,1.84,0.65,0.00,0.14,0.00,0.00,0.00,95.79
2022-08-30T19:58:52,0.55,0.00,1.31,0.69,0.00,0.10,0.00,0.00,0.00,97.35
2022-08-30T19:58:53,0.78,0.00,1.36,0.54,0.00,0.08,0.00,0.00,0.00,97.25
2022-08-30T19:58:54,0.82,0.00,1.60,0.29,0.00,0.17,0.00,0.00,0.00,97.11
2022-08-30T19:58:55,0.85,0.00,1.80,0.05,0.00,0.05,0.00,0.00,0.00,97.25
2022-08-30T19:58:56,1.46,0.00,1.68,0.09,0.00,0.10,0.00,0.00,0.00,96.67
2022-08-30T19:58:57,3.60,0.00,2.69,0.06,0.00,0.04,0.00,0.00,0.00,93.61
2022-08-30T19:58:58,2.19,0.00,2.63,0.28,0.00,0.25,0.00,0.00,0.00,94.66
2022-08-30T19:58:59,0.44,0.00,2.38,0.03,0.00,0.04,0.00,0.00,0.00,97.12
2022-08-30T19:59:00,1.90,0.00,2.49,1.68,0.00,0.11,0.00,0.00,0.00,93.82
2022-08-30T19:59:01,2.99,0.00,2.48,1.06,0.00,0.08,0.00,0.00,0.00,93.40
2022-08-30T19:59:02,3.65,0.00,2.61,0.04,0.00,0.11,0.00,0.00,0.00,93.59
2022-08-30T19:59:03,4.64,0.00,2.15,0.54,0.00,0.12,0.00,0.00,0.00,92.55
2022-08-30T19:59:04,3.55,0.00,2.54,0.37,0.00,0.20,0.00,0.00,0.00,93.34
2022-08-30T19:59:05,4.74,0.00,1.72,0.04,0.00,0.05,0.00,0.00,0.00,93.46
2022-08-30T19:59:06,3.65,0.00,2.33,0.68,0.00,0.05,0.00,0.00,0.00,93.30
2022-08-30T19:59:07,4.85,0.00,1.89,0.01,0.00,0.03,0.00,0.00,0.00,93.22
2022-08-30T19:59:08,4.08,0.00,2.14,0.43,0.00,0.01,0.00,0.00,0.00,93.34
2022-08-30T19:59:09,5.42,0.00,1.41,0.00,0.00,0.01,0.00,0.00,0.00,93.15
2022-08-30T19:59:10,3.43,0.00,2.46,0.56,0.00,0.09,0.00,0.00,0.00,93.46
2022-08-30T19:59:11,4.85,0.00,1.88,0.30,0.00,0.04,0.00,0.00,0.00,92.94
2022-08-30T19:59:12,4.27,0.00,2.10,0.09,0.00,0.03,0.00,0.00,0.00,93.51
2022-08-30T19:59:13,5.18,0.00,1.48,0.04,0.00,0.04,0.00,0.00,0.00,93.27
2022-08-30T19:59:14,4.57,0.00,2.06,0.05,0.00,0.01,0.00,0.00,0.00,93.30
2022-08-30T19:59:15,4.79,0.00,1.51,0.21,0.00,0.04,0.00,0.00,0.00,93.45
2022-08-30T19:59:16,4.16,0.00,2.66,0.58,0.00,0.09,0.00,0.00,0.00,92.51
2022-08-30T19:59:17,5.29,0.00,1.11,0.19,0.00,0.03,0.00,0.00,0.00,93.38
2022-08-30T19:59:18,2.44,0.00,2.03,2.23,0.00,0.10,0.00,0.00,0.00,93.21
2022-08-30T19:59:19,5.03,0.00,1.88,0.04,0.00,0.12,0.00,0.00,0.00,92.94
2022-08-30T19:59:20,3.16,0.00,1.15,2.26,0.00,0.08,0.00,0.00,0.00,93.35
2022-08-30T19:59:21,0.44,0.00,1.08,4.99,0.00,0.01,0.00,0.00,0.00,93.48
2022-08-30T19:59:22,1.88,0.00,2.37,2.34,0.00,0.09,0.00,0.00,0.00,93.33
2022-08-30T19:59:23,5.11,0.00,1.77,0.10,0.00,0.07,0.00,0.00,0.00,92.95
2022-08-30T19:59:24,3.49,0.00,2.52,0.56,0.00,0.11,0.00,0.00,0.00,93.32
2022-08-30T19:59:25,5.12,0.00,1.66,0.00,0.00,0.07,0.00,0.00,0.00,93.14
2022-08-30T19:59:26,4.79,0.00,1.58,0.18,0.00,0.08,0.00,0.00,0.00,93.38
2022-08-30T19:59:27,4.79,0.00,1.99,0.01,0.00,0.03,0.00,0.00,0.00,93.18
2022-08-30T19:59:28,4.84,0.00,2.25,0.09,0.00,0.04,0.00,0.00,0.00,92.78
2022-08-30T19:59:29,5.12,0.00,1.55,0.00,0.00,0.03,0.00,0.00,0.00,93.31
2022-08-30T19:59:30,4.57,0.00,1.97,0.04,0.00,0.03,0.00,0.00,0.00,93.40
2022-08-30T19:59:31,5.00,0.00,1.70,0.01,0.00,0.00,0.00,0.00,0.00,93.29
2022-08-30T19:59:32,4.51,0.00,2.05,0.01,0.00,0.03,0.00,0.00,0.00,93.40
2022-08-30T19:59:33,5.31,0.00,1.62,0.07,0.00,0.02,0.00,0.00,0.00,92.97
2022-08-30T19:59:34,4.42,0.00,2.23,0.18,0.00,0.04,0.00,0.00,0.00,93.15
2022-08-30T19:59:35,5.24,0.00,1.51,0.00,0.00,0.01,0.00,0.00,0.00,93.23
2022-08-30T19:59:36,4.60,0.00,2.04,0.01,0.00,0.03,0.00,0.00,0.00,93.32
2022-08-30T19:59:37,5.29,0.00,1.54,0.00,0.00,0.02,0.00,0.00,0.00,93.15
2022-08-30T19:59:38,3.99,0.00,2.58,0.15,0.00,0.03,0.00,0.00,0.00,93.26
2022-08-30T19:59:39,5.32,0.00,1.55,0.00,0.00,0.02,0.00,0.00,0.00,93.10
2022-08-30T19:59:40,4.28,0.00,2.19,0.00,0.00,0.01,0.00,0.00,0.00,93.52
2022-08-30T19:59:41,5.22,0.00,1.74,0.00,0.00,0.01,0.00,0.00,0.00,93.03
2022-08-30T19:59:42,4.71,0.00,1.81,0.04,0.00,0.06,0.00,0.00,0.00,93.38
2022-08-30T19:59:43,4.93,0.00,1.88,0.09,0.00,0.05,0.00,0.00,0.00,93.06
2022-08-30T19:59:44,4.49,0.00,2.25,0.01,0.00,0.03,0.00,0.00,0.00,93.22
2022-08-30T19:59:45,5.25,0.00,1.57,0.01,0.00,0.01,0.00,0.00,0.00,93.15
2022-08-30T19:59:46,4.53,0.00,2.14,0.00,0.00,0.01,0.00,0.00,0.00,93.32
2022-08-30T19:59:47,5.46,0.00,1.39,0.00,0.00,0.04,0.00,0.00,0.00,93.11
2022-08-30T19:59:48,4.51,0.00,2.14,0.07,0.00,0.04,0.00,0.00,0.00,93.24
2022-08-30T19:59:49,5.09,0.00,1.76,0.10,0.00,0.03,0.00,0.00,0.00,93.02
2022-08-30T19:59:50,4.99,0.00,1.81,0.10,0.00,0.03,0.00,0.00,0.00,93.07
2022-08-30T19:59:51,4.67,0.00,2.07,0.04,0.00,0.06,0.00,0.00,0.00,93.16
2022-08-30T19:59:52,5.26,0.00,1.00,0.67,0.00,0.12,0.00,0.00,0.00,92.94
2022-08-30T19:59:53,2.94,0.00,1.30,2.26,0.00,0.08,0.00,0.00,0.00,93.42
2022-08-30T19:59:54,4.19,0.00,1.95,0.85,0.00,0.10,0.00,0.00,0.00,92.91
2022-08-30T19:59:55,4.24,0.00,1.26,1.05,0.00,0.05,0.00,0.00,0.00,93.40
2022-08-30T19:59:56,4.12,0.00,1.24,1.21,0.00,0.04,0.00,0.00,0.00,93.40
2022-08-30T19:59:57,4.32,0.00,1.17,0.94,0.00,0.04,0.00,0.00,0.00,93.53
2022-08-30T19:59:58,4.97,0.00,2.04,0.00,0.00,0.00,0.00,0.00,0.00,92.98
2022-08-30T19:59:59,4.72,0.00,1.79,0.09,0.00,0.14,0.00,0.00,0.00,93.27
2022-08-30T20:00:00,4.95,0.00,1.65,0.00,0.00,0.16,0.00,0.00,0.00,93.24
2022-08-30T20:00:01,4.74,0.00,1.86,0.01,0.00,0.11,0.00,0.00,0.00,93.27
2022-08-30T20:00:02,5.11,0.00,1.45,0.00,0.00,0.11,0.00,0.00,0.00,93.32
2022-08-30T20:00:03,4.82,0.00,1.97,0.00,0.00,0.00,0.00,0.00,0.00,93.21
2022-08-30T20:00:04,4.79,0.00,1.90,0.10,0.00,0.01,0.00,0.00,0.00,93.19
2022-08-30T20:00:05,5.14,0.00,1.61,0.00,0.00,0.00,0.00,0.00,0.00,93.24
2022-08-30T20:00:06,4.14,0.00,2.49,0.01,0.00,0.01,0.00,0.00,0.00,93.35
2022-08-30T20:00:07,5.51,0.00,1.36,0.00,0.00,0.00,0.00,0.00,0.00,93.12
2022-08-30T20:00:08,4.53,0.00,2.03,0.00,0.00,0.00,0.00,0.00,0.00,93.44
2022-08-30T20:00:09,5.46,0.00,1.50,0.32,0.00,0.01,0.00,0.00,0.00,92.70
2022-08-30T20:00:10,4.34,0.00,2.34,0.01,0.00,0.03,0.00,0.00,0.00,93.28
2022-08-30T20:00:11,5.45,0.00,1.54,0.00,0.00,0.04,0.00,0.00,0.00,92.98
2022-08-30T20:00:12,4.64,0.00,2.13,0.00,0.00,0.05,0.00,0.00,0.00,93.18
2022-08-30T20:00:13,4.69,0.00,1.93,0.00,0.00,0.01,0.00,0.00,0.00,93.37
2022-08-30T20:00:14,5.03,0.00,1.71,0.09,0.00,0.06,0.00,0.00,0.00,93.11
2022-08-30T20:00:15,4.42,0.00,2.34,0.00,0.00,0.02,0.00,0.00,0.00,93.22
2022-08-30T20:00:16,5.20,0.00,1.50,0.00,0.00,0.08,0.00,0.00,0.00,93.22
2022-08-30T20:00:17,4.24,0.00,2.36,0.00,0.00,0.08,0.00,0.00,0.00,93.32
2022-08-30T20:00:18,5.45,0.00,1.41,0.00,0.00,0.09,0.00,0.00,0.00,93.05
2022-08-30T20:00:19,4.38,0.00,2.21,0.09,0.00,0.07,0.00,0.00,0.00,93.24
2022-08-30T20:00:20,5.18,0.00,1.65,0.00,0.00,0.01,0.00,0.00,0.00,93.16
2022-08-30T20:00:21,4.84,0.00,1.91,0.00,0.00,0.01,0.00,0.00,0.00,93.23
2022-08-30T20:00:22,4.27,0.00,2.36,0.00,0.00,0.03,0.00,0.00,0.00,93.35
2022-08-30T20:00:23,5.26,0.00,1.49,0.00,0.00,0.03,0.00,0.00,0.00,93.23
2022-08-30T20:00:24,4.40,0.00,2.26,0.11,0.00,0.07,0.00,0.00,0.00,93.16
2022-08-30T20:00:25,5.08,0.00,1.69,0.21,0.00,0.10,0.00,0.00,0.00,92.92
2022-08-30T20:00:26,4.46,0.00,2.10,0.00,0.00,0.22,0.00,0.00,0.00,93.22
2022-08-30T20:00:27,5.40,0.00,1.47,0.11,0.00,0.29,0.00,0.00,0.00,92.73
2022-08-30T20:00:28,4.87,0.00,1.87,0.00,0.00,0.24,0.00,0.00,0.00,93.02
2022-08-30T20:00:29,5.17,0.00,2.02,0.06,0.00,0.34,0.00,0.00,0.00,92.40
2022-08-30T20:00:30,4.88,0.00,1.15,0.60,0.00,0.22,0.00,0.00,0.00,93.15
2022-08-30T20:00:31,4.68,0.00,2.03,0.00,0.00,0.36,0.00,0.00,0.00,92.93
2022-08-30T20:00:32,5.23,0.00,1.45,0.00,0.00,0.36,0.00,0.00,0.00,92.96
2022-08-30T20:00:33,4.39,0.00,2.12,0.00,0.00,0.44,0.00,0.00,0.00,93.06
2022-08-30T20:00:34,5.34,0.00,1.53,0.07,0.00,0.36,0.00,0.00,0.00,92.69
2022-08-30T20:00:35,4.76,0.00,1.80,0.00,0.00,0.36,0.00,0.00,0.00,93.08
2022-08-30T20:00:36,4.75,0.00,1.86,0.00,0.00,0.42,0.00,0.00,0.00,92.97
2022-08-30T20:00:37,4.88,0.00,1.87,0.00,0.00,0.36,0.00,0.00,0.00,92.89
2022-08-30T20:00:38,4.63,0.00,1.83,0.00,0.00,0.35,0.00,0.00,0.00,93.19
2022-08-30T20:00:39,5.12,0.00,1.74,0.09,0.00,0.40,0.00,0.00,0.00,92.65
2022-08-30T20:00:40,4.38,0.00,2.22,0.00,0.00,0.36,0.00,0.00,0.00,93.04
2022-08-30T20:00:41,5.09,0.00,1.58,0.00,0.00,0.39,0.00,0.00,0.00,92.94
2022-08-30T20:00:42,4.26,0.00,2.27,0.00,0.00,0.35,0.00,0.00,0.00,93.12
2022-08-30T20:00:43,5.36,0.00,1.47,0.00,0.00,0.36,0.00,0.00,0.00,92.81
2022-08-30T20:00:44,4.51,0.00,2.06,0.09,0.00,0.41,0.00,0.00,0.00,92.93
2022-08-30T20:00:45,4.69,0.00,2.17,0.21,0.00,0.37,0.00,0.00,0.00,92.56
2022-08-30T20:00:46,4.90,0.00,1.76,0.00,0.00,0.37,0.00,0.00,0.00,92.97
2022-08-30T20:00:47,4.66,0.00,1.96,0.00,0.00,0.19,0.00,0.00,0.00,93.19
2022-08-30T20:00:48,5.10,0.00,1.58,0.00,0.00,0.41,0.00,0.00,0.00,92.91
2022-08-30T20:00:49,4.64,0.00,2.11,0.09,0.00,0.34,0.00,0.00,0.00,92.83
2022-08-30T20:00:50,5.22,0.00,1.43,0.00,0.00,0.40,0.00,0.00,0.00,92.95
2022-08-30T20:00:51,4.34,0.00,1.45,0.00,0.00,0.09,0.00,0.00,0.00,94.12
2022-08-30T20:00:52,4.97,0.00,0.48,0.00,0.00,0.01,0.00,0.00,0.00,94.55
2022-08-30T20:00:53,4.19,0.00,1.04,0.00,0.00,0.03,0.00,0.00,0.00,94.75
2022-08-30T20:00:54,4.50,0.00,1.27,0.03,0.00,0.04,0.00,0.00,0.00,94.16
2022-08-30T20:00:55,4.44,0.00,0.84,0.01,0.00,0.06,0.00,0.00,0.00,94.64
2022-08-30T20:00:56,4.65,0.00,0.73,0.00,0.00,0.04,0.00,0.00,0.00,94.59
2022-08-30T20:00:57,4.30,0.00,1.03,0.00,0.00,0.05,0.00,0.00,0.00,94.62
2022-08-30T20:00:58,4.28,0.00,1.08,0.00,0.00,0.06,0.00,0.00,0.00,94.59
2022-08-30T20:00:59,4.83,0.00,0.89,0.00,0.00,0.08,0.00,0.00,0.00,94.21
2022-08-30T20:01:00,4.26,0.00,1.11,0.10,0.00,0.06,0.00,0.00,0.00,94.46
2022-08-30T20:01:01,4.82,0.00,0.60,0.00,0.00,0.05,0.00,0.00,0.00,94.53
2022-08-30T20:01:02,4.04,0.00,1.21,0.00,0.00,0.04,0.00,0.00,0.00,94.71
2022-08-30T20:01:03,5.00,0.00,0.61,0.05,0.00,0.06,0.00,0.00,0.00,94.28
2022-08-30T20:01:04,4.34,0.00,0.90,0.75,0.00,0.10,0.00,0.00,0.00,93.91
2022-08-30T20:01:05,5.31,0.00,0.57,0.02,0.00,0.15,0.00,0.00,0.00,93.94
2022-08-30T20:01:06,4.08,0.00,1.22,0.00,0.00,0.09,0.00,0.00,0.00,94.60
2022-08-30T20:01:07,4.39,0.00,1.05,0.00,0.00,0.04,0.00,0.00,0.00,94.52
2022-08-30T20:01:08,4.72,0.00,0.82,0.00,0.00,0.11,0.00,0.00,0.00,94.34
2022-08-30T20:01:09,4.30,0.00,0.99,0.00,0.00,0.11,0.00,0.00,0.00,94.60
2022-08-30T20:01:10,4.63,0.00,0.77,0.00,0.00,0.19,0.00,0.00,0.00,94.41
2022-08-30T20:01:11,4.56,0.00,0.70,0.00,0.00,0.21,0.00,0.00,0.00,94.53
2022-08-30T20:01:12,4.81,0.00,0.55,0.00,0.00,0.11,0.00,0.00,0.00,94.53
2022-08-30T20:01:13,4.22,0.00,1.02,0.00,0.00,0.19,0.00,0.00,0.00,94.57
2022-08-30T20:01:14,4.89,0.00,0.57,0.00,0.00,0.10,0.00,0.00,0.00,94.44
2022-08-30T20:01:15,3.76,0.00,1.40,0.00,0.00,0.06,0.00,0.00,0.00,94.78
2022-08-30T20:01:16,4.70,0.00,0.77,0.00,0.00,0.10,0.00,0.00,0.00,94.43
2022-08-30T20:01:17,4.49,0.00,0.85,0.00,0.00,0.08,0.00,0.00,0.00,94.58
2022-08-30T20:01:18,4.20,0.00,1.14,0.00,0.00,0.22,0.00,0.00,0.00,94.44
2022-08-30T20:01:19,4.95,0.00,0.42,0.00,0.00,0.17,0.00,0.00,0.00,94.45
2022-08-30T20:01:20,4.11,0.00,1.24,0.00,0.00,0.09,0.00,0.00,0.00,94.57
2022-08-30T20:01:21,4.96,0.00,0.46,0.00,0.00,0.07,0.00,0.00,0.00,94.50
2022-08-30T20:01:22,4.35,0.00,1.00,0.00,0.00,0.11,0.00,0.00,0.00,94.54
2022-08-30T20:01:23,4.27,0.00,1.11,0.00,0.00,0.10,0.00,0.00,0.00,94.52
2022-08-30T20:01:24,4.63,0.00,0.83,0.00,0.00,0.10,0.00,0.00,0.00,94.45
2022-08-30T20:01:25,4.57,0.00,0.70,0.00,0.00,0.10,0.00,0.00,0.00,94.63
2022-08-30T20:01:26,4.46,0.00,0.95,0.00,0.00,0.04,0.00,0.00,0.00,94.56
2022-08-30T20:01:27,4.19,0.00,1.15,0.00,0.00,0.03,0.00,0.00,0.00,94.63
2022-08-30T20:01:28,4.97,0.00,0.69,0.00,0.00,0.15,0.00,0.00,0.00,94.19
2022-08-30T20:01:29,4.08,0.00,1.61,0.00,0.00,0.21,0.00,0.00,0.00,94.10
2022-08-30T20:01:30,4.93,0.00,0.67,0.00,0.00,0.10,0.00,0.00,0.00,94.30
2022-08-30T20:01:31,4.37,0.00,0.99,0.00,0.00,0.10,0.00,0.00,0.00,94.54
2022-08-30T20:01:32,4.20,0.00,1.24,0.01,0.00,0.04,0.00,0.00,0.00,94.51
2022-08-30T20:01:33,4.92,0.00,0.62,0.00,0.00,0.04,0.00,0.00,0.00,94.41
2022-08-30T20:01:34,4.16,0.00,1.10,0.00,0.00,0.05,0.00,0.00,0.00,94.69
2022-08-30T20:01:35,4.78,0.00,0.64,0.00,0.00,0.05,0.00,0.00,0.00,94.53
2022-08-30T20:01:36,4.42,0.00,0.84,0.00,0.00,0.20,0.00,0.00,0.00,94.54
2022-08-30T20:01:37,4.54,0.00,0.95,0.00,0.00,0.17,0.00,0.00,0.00,94.34
2022-08-30T20:01:38,4.29,0.00,1.01,0.00,0.00,0.08,0.00,0.00,0.00,94.62
2022-08-30T20:01:39,4.77,0.00,0.60,0.00,0.00,0.11,0.00,0.00,0.00,94.52
2022-08-30T20:01:40,4.59,0.00,0.91,0.00,0.00,0.14,0.00,0.00,0.00,94.37
2022-08-30T20:01:41,4.49,0.00,0.79,0.00,0.00,0.05,0.00,0.00,0.00,94.67
2022-08-30T20:01:42,4.92,0.00,0.59,0.00,0.00,0.22,0.00,0.00,0.00,94.27
2022-08-30T20:01:43,4.07,0.00,1.17,0.00,0.00,0.20,0.00,0.00,0.00,94.55
2022-08-30T20:01:44,5.02,0.00,0.52,0.00,0.00,0.19,0.00,0.00,0.00,94.26
2022-08-30T20:01:45,4.40,0.00,1.00,0.00,0.00,0.09,0.00,0.00,0.00,94.51
2022-08-30T20:01:46,4.56,0.00,0.66,0.01,0.00,0.20,0.00,0.00,0.00,94.57
2022-08-30T20:01:47,4.57,0.00,0.95,0.00,0.00,0.11,0.00,0.00,0.00,94.37
2022-08-30T20:01:48,4.37,0.00,0.94,0.00,0.00,0.14,0.00,0.00,0.00,94.55
2022-08-30T20:01:49,4.93,0.00,0.51,0.00,0.00,0.00,0.00,0.00,0.00,94.56
2022-08-30T20:01:50,3.96,0.00,1.31,0.00,0.00,0.01,0.00,0.00,0.00,94.71
2022-08-30T20:01:51,4.46,0.00,1.01,0.00,0.00,0.02,0.00,0.00,0.00,94.50
2022-08-30T20:01:52,4.72,0.00,0.65,0.00,0.00,0.14,0.00,0.00,0.00,94.49
2022-08-30T20:01:53,4.09,0.00,1.23,0.00,0.00,0.03,0.00,0.00,0.00,94.66
2022-08-30T20:01:54,5.01,0.00,0.60,0.00,0.00,0.02,0.00,0.00,0.00,94.37
2022-08-30T20:01:55,4.27,0.00,1.05,0.00,0.00,0.04,0.00,0.00,0.00,94.64
2022-08-30T20:01:56,4.55,0.00,0.99,0.00,0.00,0.11,0.00,0.00,0.00,94.35
2022-08-30T20:01:57,4.39,0.00,0.99,0.00,0.00,0.14,0.00,0.00,0.00,94.48
2022-08-30T20:01:58,4.35,0.00,1.05,0.00,0.00,0.03,0.00,0.00,0.00,94.57
2022-08-30T20:01:59,4.64,0.00,1.01,0.00,0.00,0.16,0.00,0.00,0.00,94.19
2022-08-30T20:02:00,5.03,0.00,0.27,0.00,0.00,0.17,0.00,0.00,0.00,94.52
2022-08-30T20:02:01,4.22,0.00,1.11,0.00,0.00,0.15,0.00,0.00,0.00,94.52
2022-08-30T20:02:02,4.42,0.00,0.95,0.00,0.00,0.19,0.00,0.00,0.00,94.45
2022-08-30T20:02:03,4.78,0.00,0.54,0.00,0.00,0.17,0.00,0.00,0.00,94.50
2022-08-30T20:02:04,4.23,0.00,0.99,0.00,0.00,0.17,0.00,0.00,0.00,94.61
2022-08-30T20:02:05,4.97,0.00,0.52,0.00,0.00,0.14,0.00,0.00,0.00,94.37
2022-08-30T20:02:06,4.36,0.00,0.86,0.00,0.00,0.14,0.00,0.00,0.00,94.64
2022-08-30T20:02:07,4.57,0.00,1.00,0.00,0.00,0.07,0.00,0.00,0.00,94.35
2022-08-30T20:02:08,4.48,0.00,0.89,0.00,0.00,0.14,0.00,0.00,0.00,94.50
2022-08-30T20:02:09,4.28,0.00,1.07,0.00,0.00,0.30,0.00,0.00,0.00,94.35
2022-08-30T20:02:10,4.85,0.00,0.70,0.00,0.00,0.11,0.00,0.00,0.00,94.34
2022-08-30T20:02:11,4.36,0.00,1.00,0.00,0.00,0.07,0.00,0.00,0.00,94.56
2022-08-30T20:02:12,4.79,0.00,0.64,0.00,0.00,0.12,0.00,0.00,0.00,94.45
2022-08-30T20:02:13,4.22,0.00,1.21,0.00,0.00,0.19,0.00,0.00,0.00,94.38
2022-08-30T20:02:14,4.47,0.00,0.96,0.00,0.00,0.17,0.00,0.00,0.00,94.39
2022-08-30T20:02:15,5.01,0.00,0.70,0.00,0.00,0.11,0.00,0.00,0.00,94.18
2022-08-30T20:02:16,3.95,0.00,1.30,0.00,0.00,0.13,0.00,0.00,0.00,94.62
2022-08-30T20:02:17,5.03,0.00,0.47,0.00,0.00,0.09,0.00,0.00,0.00,94.40
2022-08-30T20:02:18,3.82,0.00,1.38,0.00,0.00,0.12,0.00,0.00,0.00,94.67
2022-08-30T20:02:19,4.71,0.00,0.77,0.00,0.00,0.15,0.00,0.00,0.00,94.37
2022-08-30T20:02:20,3.84,0.00,1.30,0.00,0.00,0.14,0.00,0.00,0.00,94.73
2022-08-30T20:02:21,5.02,0.00,0.49,0.00,0.00,0.04,0.00,0.00,0.00,94.46
2022-08-30T20:02:22,4.23,0.00,1.15,0.00,0.00,0.06,0.00,0.00,0.00,94.55
2022-08-30T20:02:23,4.19,0.00,1.08,0.00,0.00,0.06,0.00,0.00,0.00,94.67
2022-08-30T20:02:24,4.74,0.00,0.68,0.00,0.00,0.05,0.00,0.00,0.00,94.54
2022-08-30T20:02:25,4.31,0.00,0.99,0.00,0.00,0.07,0.00,0.00,0.00,94.63
2022-08-30T20:02:26,4.66,0.00,0.64,0.00,0.00,0.06,0.00,0.00,0.00,94.64
2022-08-30T20:02:27,4.38,0.00,0.90,0.00,0.00,0.06,0.00,0.00,0.00,94.66
2022-08-30T20:02:28,4.75,0.00,0.74,0.00,0.00,0.19,0.00,0.00,0.00,94.33
2022-08-30T20:02:29,4.59,0.00,1.22,0.00,0.00,0.16,0.00,0.00,0.00,94.03
2022-08-30T20:02:30,5.02,0.00,0.59,0.00,0.00,0.11,0.00,0.00,0.00,94.28
2022-08-30T20:02:31,4.40,0.00,0.99,0.00,0.00,0.03,0.00,0.00,0.00,94.58
2022-08-30T20:02:32,4.31,0.00,0.97,0.00,0.00,0.11,0.00,0.00,0.00,94.60
2022-08-30T20:02:33,4.78,0.00,0.78,0.00,0.00,0.00,0.00,0.00,0.00,94.44
2022-08-30T20:02:34,4.38,0.00,0.88,0.00,0.00,0.04,0.00,0.00,0.00,94.71
2022-08-30T20:02:35,4.42,0.00,0.85,0.00,0.00,0.01,0.00,0.00,0.00,94.71
2022-08-30T20:02:36,4.55,0.00,0.80,0.00,0.00,0.04,0.00,0.00,0.00,94.61
2022-08-30T20:02:37,4.22,0.00,1.00,0.00,0.00,0.09,0.00,0.00,0.00,94.69
2022-08-30T20:02:38,4.85,0.00,0.55,0.00,0.00,0.06,0.00,0.00,0.00,94.54
2022-08-30T20:02:39,3.85,0.00,1.44,0.00,0.00,0.06,0.00,0.00,0.00,94.65
2022-08-30T20:02:40,5.00,0.00,0.46,0.00,0.00,0.10,0.00,0.00,0.00,94.44
2022-08-30T20:02:41,4.09,0.00,1.18,0.00,0.00,0.07,0.00,0.00,0.00,94.66
2022-08-30T20:02:42,5.00,0.00,0.50,0.00,0.00,0.02,0.00,0.00,0.00,94.48
2022-08-30T20:02:43,4.15,0.00,1.06,0.00,0.00,0.07,0.00,0.00,0.00,94.71
2022-08-30T20:02:44,4.61,0.00,0.84,0.00,0.00,0.07,0.00,0.00,0.00,94.47
2022-08-30T20:02:45,4.45,0.00,0.89,0.00,0.00,0.03,0.00,0.00,0.00,94.63
2022-08-30T20:02:46,4.60,0.00,0.71,0.00,0.00,0.10,0.00,0.00,0.00,94.59
2022-08-30T20:02:47,4.64,0.00,0.81,0.00,0.00,0.01,0.00,0.00,0.00,94.54
2022-08-30T20:02:48,4.09,0.00,1.20,0.00,0.00,0.03,0.00,0.00,0.00,94.68
2022-08-30T20:02:49,4.85,0.00,0.55,0.00,0.00,0.00,0.00,0.00,0.00,94.60
2022-08-30T20:02:50,4.32,0.00,1.21,0.49,0.00,0.04,0.00,0.00,0.00,93.94
2022-08-30T20:02:51,4.75,0.00,0.71,0.00,0.00,0.01,0.00,0.00,0.00,94.53
2022-08-30T20:02:52,4.03,0.00,1.21,0.00,0.00,0.05,0.00,0.00,0.00,94.71
2022-08-30T20:02:53,4.75,0.00,0.74,0.00,0.00,0.07,0.00,0.00,0.00,94.44
2022-08-30T20:02:54,4.41,0.00,0.84,0.00,0.00,0.15,0.00,0.00,0.00,94.60
2022-08-30T20:02:55,4.02,0.00,1.31,0.00,0.00,0.10,0.00,0.00,0.00,94.57
2022-08-30T20:02:56,4.93,0.00,0.65,0.00,0.00,0.10,0.00,0.00,0.00,94.32
2022-08-30T20:02:57,4.06,0.00,1.17,0.00,0.00,0.04,0.00,0.00,0.00,94.73
2022-08-30T20:02:58,4.73,0.00,0.65,0.00,0.00,0.04,0.00,0.00,0.00,94.58
2022-08-30T20:02:59,3.91,0.00,1.35,0.00,0.00,0.00,0.00,0.00,0.00,94.74
2022-08-30T20:03:00,5.13,0.00,0.64,0.00,0.00,0.16,0.00,0.00,0.00,94.07
2022-08-30T20:03:01,4.35,0.00,0.91,0.00,0.00,0.06,0.00,0.00,0.00,94.67
2022-08-30T20:03:02,4.95,0.00,0.47,0.00,0.00,0.17,0.00,0.00,0.00,94.40
2022-08-30T20:03:03,3.75,0.00,1.40,0.00,0.00,0.15,0.00,0.00,0.00,94.71
2022-08-30T20:03:04,5.00,0.00,0.35,0.00,0.00,0.13,0.00,0.00,0.00,94.52
2022-08-30T20:03:05,4.22,0.00,1.06,0.00,0.00,0.11,0.00,0.00,0.00,94.60
2022-08-30T20:03:06,4.65,0.00,0.76,0.00,0.00,0.01,0.00,0.00,0.00,94.58
2022-08-30T20:03:07,4.48,0.00,0.83,0.00,0.00,0.05,0.00,0.00,0.00,94.65
2022-08-30T20:03:08,4.32,0.00,0.99,0.00,0.00,0.15,0.00,0.00,0.00,94.54
2022-08-30T20:03:09,4.91,0.00,0.49,0.00,0.00,0.00,0.00,0.00,0.00,94.60
2022-08-30T20:03:10,3.99,0.00,1.26,0.00,0.00,0.04,0.00,0.00,0.00,94.71
2022-08-30T20:03:11,5.02,0.00,0.50,0.00,0.00,0.05,0.00,0.00,0.00,94.43
2022-08-30T20:03:12,3.92,0.00,1.22,0.00,0.00,0.11,0.00,0.00,0.00,94.74
2022-08-30T20:03:13,5.04,0.00,0.46,0.00,0.00,0.14,0.00,0.00,0.00,94.36
2022-08-30T20:03:14,4.16,0.00,1.16,0.00,0.00,0.02,0.00,0.00,0.00,94.65
2022-08-30T20:03:15,4.53,0.00,0.91,0.00,0.00,0.15,0.00,0.00,0.00,94.41
2022-08-30T20:03:16,4.92,0.00,0.50,0.00,0.00,0.10,0.00,0.00,0.00,94.48
2022-08-30T20:03:17,4.15,0.00,1.01,0.00,0.00,0.06,0.00,0.00,0.00,94.77
2022-08-30T20:03:18,4.98,0.00,0.54,0.00,0.00,0.05,0.00,0.00,0.00,94.43
2022-08-30T20:03:19,4.14,0.00,1.16,0.00,0.00,0.04,0.00,0.00,0.00,94.66
2022-08-30T20:03:20,4.98,0.00,0.45,0.00,0.00,0.10,0.00,0.00,0.00,94.47
2022-08-30T20:03:21,3.89,0.00,1.35,0.00,0.00,0.04,0.00,0.00,0.00,94.72
2022-08-30T20:03:22,4.85,0.00,0.82,0.00,0.00,0.04,0.00,0.00,0.00,94.29
2022-08-30T20:03:23,4.45,0.00,0.94,0.00,0.00,0.04,0.00,0.00,0.00,94.58
2022-08-30T20:03:24,4.56,0.00,0.82,0.00,0.00,0.09,0.00,0.00,0.00,94.53
2022-08-30T20:03:25,4.55,0.00,0.95,0.00,0.00,0.06,0.00,0.00,0.00,94.44
2022-08-30T20:03:26,4.49,0.00,0.75,0.00,0.00,0.09,0.00,0.00,0.00,94.67
2022-08-30T20:03:27,4.64,0.00,0.83,0.00,0.00,0.01,0.00,0.00,0.00,94.52
2022-08-30T20:03:28,4.53,0.00,0.76,0.00,0.00,0.03,0.00,0.00,0.00,94.68
2022-08-30T20:03:29,4.71,0.00,0.71,0.00,0.00,0.01,0.00,0.00,0.00,94.56
2022-08-30T20:03:30,4.83,0.00,0.75,0.00,0.00,0.08,0.00,0.00,0.00,94.35
2022-08-30T20:03:31,4.33,0.00,0.95,0.00,0.00,0.01,0.00,0.00,0.00,94.71
2022-08-30T20:03:32,4.51,0.00,0.80,0.00,0.00,0.02,0.00,0.00,0.00,94.66
2022-08-30T20:03:33,4.45,0.00,0.86,0.00,0.00,0.05,0.00,0.00,0.00,94.64
2022-08-30T20:03:34,4.39,0.00,0.99,0.00,0.00,0.06,0.00,0.00,0.00,94.56
2022-08-30T20:03:35,4.81,0.00,0.64,0.00,0.00,0.06,0.00,0.00,0.00,94.49
2022-08-30T20:03:36,4.28,0.00,1.05,0.00,0.00,0.11,0.00,0.00,0.00,94.56
2022-08-30T20:03:37,4.38,0.00,1.06,0.00,0.00,0.05,0.00,0.00,0.00,94.50
2022-08-30T20:03:38,4.37,0.00,0.91,0.00,0.00,0.12,0.00,0.00,0.00,94.59
2022-08-30T20:03:39,4.81,0.00,0.51,0.00,0.00,0.11,0.00,0.00,0.00,94.56
2022-08-30T20:03:40,4.26,0.00,0.96,0.00,0.00,0.14,0.00,0.00,0.00,94.64
2022-08-30T20:03:41,4.67,0.00,0.85,0.00,0.00,0.01,0.00,0.00,0.00,94.47
2022-08-30T20:03:42,4.57,0.00,0.84,0.00,0.00,0.01,0.00,0.00,0.00,94.58
2022-08-30T20:03:43,4.33,0.00,0.91,0.00,0.00,0.01,0.00,0.00,0.00,94.75
2022-08-30T20:03:44,4.91,0.00,0.55,0.00,0.00,0.14,0.00,0.00,0.00,94.40
2022-08-30T20:03:45,4.08,0.00,1.16,0.00,0.00,0.25,0.00,0.00,0.00,94.51
2022-08-30T20:03:46,4.49,0.00,0.84,0.00,0.00,0.02,0.00,0.00,0.00,94.65
2022-08-30T20:03:47,4.73,0.00,0.54,0.00,0.00,0.00,0.00,0.00,0.00,94.73
2022-08-30T20:03:48,4.41,0.00,0.86,0.00,0.00,0.14,0.00,0.00,0.00,94.59
2022-08-30T20:03:49,4.23,0.00,1.12,0.00,0.00,0.12,0.00,0.00,0.00,94.52
2022-08-30T20:03:50,4.94,0.00,0.51,0.00,0.00,0.01,0.00,0.00,0.00,94.54
2022-08-30T20:03:51,4.20,0.00,1.09,0.00,0.00,0.00,0.00,0.00,0.00,94.71
2022-08-30T20:03:52,4.97,0.00,0.46,0.00,0.00,0.09,0.00,0.00,0.00,94.48
2022-08-30T20:03:53,4.13,0.00,1.13,0.00,0.00,0.00,0.00,0.00,0.00,94.75
2022-08-30T20:03:54,4.50,0.00,0.97,0.00,0.00,0.02,0.00,0.00,0.00,94.50
2022-08-30T20:03:55,4.29,0.00,0.94,0.00,0.00,0.00,0.00,0.00,0.00,94.77
2022-08-30T20:03:56,4.51,0.00,1.02,0.00,0.00,0.09,0.00,0.00,0.00,94.38
2022-08-30T20:03:57,4.50,0.00,0.78,0.00,0.00,0.00,0.00,0.00,0.00,94.72
2022-08-30T20:03:58,4.34,0.00,0.94,0.00,0.00,0.01,0.00,0.00,0.00,94.71
2022-08-30T20:03:59,4.96,0.00,0.64,0.00,0.00,0.04,0.00,0.00,0.00,94.36
2022-08-30T20:04:00,4.58,0.00,1.15,0.00,0.00,0.21,0.00,0.00,0.00,94.07
2022-08-30T20:04:01,4.39,0.00,1.10,0.00,0.00,0.04,0.00,0.00,0.00,94.47
2022-08-30T20:04:02,4.97,0.00,0.51,0.00,0.00,0.11,0.00,0.00,0.00,94.40
2022-08-30T20:04:03,4.24,0.00,1.00,0.00,0.00,0.15,0.00,0.00,0.00,94.61
2022-08-30T20:04:04,5.07,0.00,0.62,0.00,0.00,0.22,0.00,0.00,0.00,94.08
2022-08-30T20:04:05,4.25,0.00,1.06,0.00,0.00,0.07,0.00,0.00,0.00,94.61
2022-08-30T20:04:06,4.98,0.00,0.34,0.00,0.00,0.06,0.00,0.00,0.00,94.62
2022-08-30T20:04:07,3.84,0.00,1.39,0.00,0.00,0.05,0.00,0.00,0.00,94.72
2022-08-30T20:04:08,4.78,0.00,0.69,0.00,0.00,0.14,0.00,0.00,0.00,94.39
2022-08-30T20:04:09,4.18,0.00,1.01,0.00,0.00,0.06,0.00,0.00,0.00,94.75
2022-08-30T20:04:10,4.36,0.00,0.99,0.00,0.00,0.08,0.00,0.00,0.00,94.57
2022-08-30T20:04:11,4.68,0.00,0.87,0.00,0.00,0.06,0.00,0.00,0.00,94.38
2022-08-30T20:04:12,4.28,0.00,0.93,0.00,0.00,0.06,0.00,0.00,0.00,94.73
2022-08-30T20:04:13,5.00,0.00,0.56,0.00,0.00,0.06,0.00,0.00,0.00,94.38
2022-08-30T20:04:14,4.09,0.00,1.11,0.00,0.00,0.10,0.00,0.00,0.00,94.70
2022-08-30T20:04:15,4.71,0.00,0.79,0.00,0.00,0.09,0.00,0.00,0.00,94.41
2022-08-30T20:04:16,4.49,0.00,0.77,0.01,0.00,0.12,0.00,0.00,0.00,94.60
2022-08-30T20:04:17,4.37,0.00,1.00,0.00,0.00,0.09,0.00,0.00,0.00,94.54
2022-08-30T20:04:18,4.58,0.00,0.86,0.00,0.00,0.05,0.00,0.00,0.00,94.51
2022-08-30T20:04:19,4.22,0.00,1.07,0.00,0.00,0.11,0.00,0.00,0.00,94.59
2022-08-30T20:04:20,4.56,0.00,0.86,0.00,0.00,0.11,0.00,0.00,0.00,94.47
2022-08-30T20:04:21,4.38,0.00,0.95,0.00,0.00,0.21,0.00,0.00,0.00,94.46
2022-08-30T20:04:22,4.54,0.00,0.90,0.00,0.00,0.21,0.00,0.00,0.00,94.35
2022-08-30T20:04:23,4.67,0.00,0.79,0.00,0.00,0.07,0.00,0.00,0.00,94.47
2022-08-30T20:04:24,3.99,0.00,1.22,0.00,0.00,0.27,0.00,0.00,0.00,94.51
2022-08-30T20:04:25,4.92,0.00,0.50,0.00,0.00,0.17,0.00,0.00,0.00,94.41
2022-08-30T20:04:26,3.86,0.00,1.34,0.00,0.00,0.16,0.00,0.00,0.00,94.65
2022-08-30T20:04:27,4.94,0.00,0.55,0.00,0.00,0.04,0.00,0.00,0.00,94.48
2022-08-30T20:04:28,3.93,0.00,1.28,0.00,0.00,0.39,0.00,0.00,0.00,94.40
2022-08-30T20:04:29,4.63,0.00,0.71,0.00,0.00,0.03,0.00,0.00,0.00,94.63
2022-08-30T20:04:30,4.92,0.00,1.01,0.00,0.00,0.09,0.00,0.00,0.00,93.98
2022-08-30T20:04:31,4.54,0.00,0.72,0.00,0.00,0.04,0.00,0.00,0.00,94.70
2022-08-30T20:04:32,4.43,0.00,0.90,0.00,0.00,0.09,0.00,0.00,0.00,94.59
2022-08-30T20:04:33,4.17,0.00,1.11,0.00,0.00,0.05,0.00,0.00,0.00,94.66
2022-08-30T20:04:34,5.00,0.00,0.64,0.01,0.00,0.22,0.00,0.00,0.00,94.12
2022-08-30T20:04:35,4.21,0.00,1.15,0.00,0.00,0.14,0.00,0.00,0.00,94.51
2022-08-30T20:04:36,5.10,0.00,0.64,0.00,0.00,0.15,0.00,0.00,0.00,94.12
2022-08-30T20:04:37,4.01,0.00,1.17,0.00,0.00,0.17,0.00,0.00,0.00,94.65
2022-08-30T20:04:38,5.12,0.00,0.59,0.00,0.00,0.15,0.00,0.00,0.00,94.14
2022-08-30T20:04:39,4.17,0.00,1.21,0.00,0.00,0.12,0.00,0.00,0.00,94.49
2022-08-30T20:04:40,4.64,0.00,0.90,0.00,0.00,0.17,0.00,0.00,0.00,94.28
2022-08-30T20:04:41,4.53,0.00,1.00,0.00,0.00,0.17,0.00,0.00,0.00,94.30
2022-08-30T20:04:42,4.27,0.00,1.07,0.00,0.00,0.17,0.00,0.00,0.00,94.48
2022-08-30T20:04:43,4.70,0.00,0.91,0.00,0.00,0.10,0.00,0.00,0.00,94.29
2022-08-30T20:04:44,4.02,0.00,1.16,0.00,0.00,0.07,0.00,0.00,0.00,94.74
2022-08-30T20:04:45,4.88,0.00,0.60,0.00,0.00,0.15,0.00,0.00,0.00,94.37
2022-08-30T20:04:46,4.28,0.00,1.04,0.00,0.00,0.22,0.00,0.00,0.00,94.46
2022-08-30T20:04:47,4.37,0.00,0.91,0.00,0.00,0.06,0.00,0.00,0.00,94.66
2022-08-30T20:04:48,4.94,0.00,0.50,0.00,0.00,0.11,0.00,0.00,0.00,94.45
2022-08-30T20:04:49,4.21,0.00,1.01,0.00,0.00,0.04,0.00,0.00,0.00,94.74
2022-08-30T20:04:50,4.54,0.00,0.94,0.00,0.00,0.10,0.00,0.00,0.00,94.43
2022-08-30T20:04:51,4.60,0.00,0.84,0.00,0.00,0.08,0.00,0.00,0.00,94.48
2022-08-30T20:04:52,4.28,0.00,1.04,0.00,0.00,0.07,0.00,0.00,0.00,94.60
2022-08-30T20:04:53,4.84,0.00,0.70,0.00,0.00,0.08,0.00,0.00,0.00,94.38
2022-08-30T20:04:54,4.64,0.00,0.64,0.00,0.00,0.06,0.00,0.00,0.00,94.66
2022-08-30T20:04:55,4.09,0.00,1.26,0.00,0.00,0.17,0.00,0.00,0.00,94.47
2022-08-30T20:04:56,4.73,0.00,0.75,0.00,0.00,0.04,0.00,0.00,0.00,94.48
2022-08-30T20:04:57,4.22,0.00,1.14,0.00,0.00,0.15,0.00,0.00,0.00,94.50
2022-08-30T20:04:58,5.00,0.00,0.46,0.00,0.00,0.06,0.00,0.00,0.00,94.47
2022-08-30T20:04:59,4.06,0.00,1.14,0.00,0.00,0.19,0.00,0.00,0.00,94.62
2022-08-30T20:05:00,4.58,0.00,1.16,0.00,0.00,0.11,0.00,0.00,0.00,94.15
2022-08-30T20:05:01,4.57,0.00,1.22,0.00,0.00,0.12,0.00,0.00,0.00,94.09
2022-08-30T20:05:02,4.92,0.00,0.44,0.00,0.00,0.19,0.00,0.00,0.00,94.46
2022-08-30T20:05:03,4.19,0.00,1.04,0.00,0.00,0.06,0.00,0.00,0.00,94.70
2022-08-30T20:05:04,4.70,0.00,0.60,0.00,0.00,0.14,0.00,0.00,0.00,94.57
2022-08-30T20:05:05,4.25,0.00,1.00,0.00,0.00,0.16,0.00,0.00,0.00,94.59
2022-08-30T20:05:06,4.57,0.00,0.87,0.00,0.00,0.12,0.00,0.00,0.00,94.43
2022-08-30T20:05:07,4.86,0.00,0.57,0.00,0.00,0.20,0.00,0.00,0.00,94.37
2022-08-30T20:05:08,4.18,0.00,1.12,0.00,0.00,0.17,0.00,0.00,0.00,94.52
2022-08-30T20:05:09,4.62,0.00,0.82,0.00,0.00,0.16,0.00,0.00,0.00,94.39
2022-08-30T20:05:10,4.43,0.00,0.82,0.00,0.00,0.14,0.00,0.00,0.00,94.60
2022-08-30T20:05:11,4.58,0.00,1.07,0.00,0.00,0.07,0.00,0.00,0.00,94.27
2022-08-30T20:05:12,4.70,0.00,0.75,0.00,0.00,0.27,0.00,0.00,0.00,94.28
2022-08-30T20:05:13,4.12,0.00,1.07,0.00,0.00,0.05,0.00,0.00,0.00,94.75
2022-08-30T20:05:14,4.80,0.00,0.64,0.00,0.00,0.25,0.00,0.00,0.00,94.31
2022-08-30T20:05:15,4.40,0.00,1.01,0.00,0.00,0.14,0.00,0.00,0.00,94.45
2022-08-30T20:05:16,4.35,0.00,0.99,0.00,0.00,0.06,0.00,0.00,0.00,94.60
2022-08-30T20:05:17,4.98,0.00,0.54,0.00,0.00,0.01,0.00,0.00,0.00,94.47
2022-08-30T20:05:18,4.44,0.00,0.96,0.00,0.00,0.06,0.00,0.00,0.00,94.54
2022-08-30T20:05:19,4.53,0.00,0.80,0.00,0.00,0.10,0.00,0.00,0.00,94.57
2022-08-30T20:05:20,4.74,0.00,0.80,0.00,0.00,0.19,0.00,0.00,0.00,94.27
2022-08-30T20:05:21,4.05,0.00,1.25,0.00,0.00,0.09,0.00,0.00,0.00,94.62
2022-08-30T20:05:22,4.96,0.00,0.49,0.00,0.00,0.17,0.00,0.00,0.00,94.38
2022-08-30T20:05:23,4.11,0.00,1.16,0.00,0.00,0.05,0.00,0.00,0.00,94.67
2022-08-30T20:05:24,4.73,0.00,0.80,0.00,0.00,0.07,0.00,0.00,0.00,94.39
2022-08-30T20:05:25,4.44,0.00,1.01,0.00,0.00,0.11,0.00,0.00,0.00,94.44
2022-08-30T20:05:26,4.51,0.00,0.84,0.00,0.00,0.05,0.00,0.00,0.00,94.60
2022-08-30T20:05:27,4.99,0.00,0.54,0.00,0.00,0.09,0.00,0.00,0.00,94.39
2022-08-30T20:05:28,3.88,0.00,1.25,0.00,0.00,0.09,0.00,0.00,0.00,94.79
2022-08-30T20:05:29,4.99,0.00,0.49,0.00,0.00,0.06,0.00,0.00,0.00,94.46
2022-08-30T20:05:30,4.03,0.00,1.34,0.00,0.00,0.12,0.00,0.00,0.00,94.50
2022-08-30T20:05:31,4.80,0.00,1.09,0.00,0.00,0.11,0.00,0.00,0.00,94.00
2022-08-30T20:05:32,4.76,0.00,0.75,0.00,0.00,0.17,0.00,0.00,0.00,94.32
2022-08-30T20:05:33,4.20,0.00,1.05,0.00,0.00,0.10,0.00,0.00,0.00,94.65
2022-08-30T20:05:34,4.88,0.00,0.49,0.00,0.00,0.01,0.00,0.00,0.00,94.62
2022-08-30T20:05:35,4.15,0.00,1.19,0.00,0.00,0.04,0.00,0.00,0.00,94.62
2022-08-30T20:05:36,4.79,0.00,0.60,0.00,0.00,0.05,0.00,0.00,0.00,94.56
2022-08-30T20:05:37,4.32,0.00,0.97,0.00,0.00,0.04,0.00,0.00,0.00,94.67
2022-08-30T20:05:38,4.95,0.00,0.54,0.00,0.00,0.05,0.00,0.00,0.00,94.46
2022-08-30T20:05:39,4.31,0.00,0.94,0.00,0.00,0.07,0.00,0.00,0.00,94.68
2022-08-30T20:05:40,4.95,0.00,0.62,0.00,0.00,0.07,0.00,0.00,0.00,94.35
2022-08-30T20:05:41,4.35,0.00,0.97,0.00,0.00,0.02,0.00,0.00,0.00,94.65
2022-08-30T20:05:42,4.67,0.00,0.74,0.00,0.00,0.11,0.00,0.00,0.00,94.47
2022-08-30T20:05:43,4.44,0.00,0.87,0.00,0.00,0.07,0.00,0.00,0.00,94.61
2022-08-30T20:05:44,4.29,0.00,1.08,0.00,0.00,0.01,0.00,0.00,0.00,94.62
2022-08-30T20:05:45,4.96,0.00,0.55,0.00,0.00,0.05,0.00,0.00,0.00,94.43
2022-08-30T20:05:46,4.51,0.00,0.91,0.00,0.00,0.06,0.00,0.00,0.00,94.51
2022-08-30T20:05:47,4.48,0.00,0.85,0.00,0.00,0.03,0.00,0.00,0.00,94.65
2022-08-30T20:05:48,4.64,0.00,0.76,0.00,0.00,0.06,0.00,0.00,0.00,94.54
2022-08-30T20:05:49,4.58,0.00,0.99,0.00,0.00,0.01,0.00,0.00,0.00,94.42
2022-08-30T20:05:50,4.58,0.00,0.85,0.00,0.00,0.08,0.00,0.00,0.00,94.50
2022-08-30T20:05:51,4.30,0.00,0.99,0.00,0.00,0.07,0.00,0.00,0.00,94.64
2022-08-30T20:05:52,4.94,0.00,0.56,0.00,0.00,0.16,0.00,0.00,0.00,94.33
2022-08-30T20:05:53,4.54,0.00,0.91,0.00,0.00,0.05,0.00,0.00,0.00,94.50
2022-08-30T20:05:54,4.12,0.00,1.20,0.00,0.00,0.09,0.00,0.00,0.00,94.60
2022-08-30T20:05:55,4.85,0.00,0.70,0.00,0.00,0.05,0.00,0.00,0.00,94.40
2022-08-30T20:05:56,4.11,0.00,1.19,0.00,0.00,0.06,0.00,0.00,0.00,94.64
2022-08-30T20:05:57,4.91,0.00,0.47,0.00,0.00,0.02,0.00,0.00,0.00,94.59
2022-08-30T20:05:58,4.13,0.00,1.06,0.00,0.00,0.01,0.00,0.00,0.00,94.80
2022-08-30T20:05:59,4.64,0.00,0.73,0.00,0.00,0.01,0.00,0.00,0.00,94.62
2022-08-30T20:06:00,4.35,0.00,0.85,0.00,0.00,0.06,0.00,0.00,0.00,94.73
2022-08-30T20:06:01,4.94,0.00,0.75,0.00,0.00,0.09,0.00,0.00,0.00,94.22
2022-08-30T20:06:02,4.48,0.00,0.83,0.01,0.00,0.10,0.00,0.00,0.00,94.59
2022-08-30T20:06:03,4.22,0.00,0.94,0.00,0.00,0.10,0.00,0.00,0.00,94.74
2022-08-30T20:06:04,4.66,0.00,0.72,0.00,0.00,0.10,0.00,0.00,0.00,94.51
2022-08-30T20:06:05,4.60,0.00,0.88,0.01,0.00,0.05,0.00,0.00,0.00,94.46
2022-08-30T20:06:06,4.69,0.00,0.71,0.00,0.00,0.06,0.00,0.00,0.00,94.54
2022-08-30T20:06:07,4.15,0.00,1.09,0.00,0.00,0.05,0.00,0.00,0.00,94.72
2022-08-30T20:06:08,4.53,0.00,0.70,0.00,0.00,0.03,0.00,0.00,0.00,94.75
2022-08-30T20:06:09,4.65,0.00,0.76,0.00,0.00,0.01,0.00,0.00,0.00,94.58
2022-08-30T20:06:10,4.64,0.00,0.85,0.00,0.00,0.01,0.00,0.00,0.00,94.50
2022-08-30T20:06:11,4.34,0.00,0.96,0.00,0.00,0.01,0.00,0.00,0.00,94.68
2022-08-30T20:06:12,4.98,0.00,0.41,0.00,0.00,0.10,0.00,0.00,0.00,94.51
2022-08-30T20:06:13,4.22,0.00,1.06,0.00,0.00,0.07,0.00,0.00,0.00,94.64
2022-08-30T20:06:14,4.30,0.00,0.99,0.00,0.00,0.12,0.00,0.00,0.00,94.59
2022-08-30T20:06:15,4.85,0.00,0.69,0.01,0.00,0.07,0.00,0.00,0.00,94.38
2022-08-30T20:06:16,4.19,0.00,1.01,0.00,0.00,0.12,0.00,0.00,0.00,94.68
2022-08-30T20:06:17,4.97,0.00,0.45,0.00,0.00,0.07,0.00,0.00,0.00,94.50
2022-08-30T20:06:18,4.13,0.00,1.16,0.00,0.00,0.08,0.00,0.00,0.00,94.64
2022-08-30T20:06:19,4.69,0.00,0.75,0.00,0.00,0.12,0.00,0.00,0.00,94.44
2022-08-30T20:06:20,4.35,0.00,1.16,0.00,0.00,0.14,0.00,0.00,0.00,94.35
2022-08-30T20:06:21,5.14,0.00,0.29,0.00,0.00,0.08,0.00,0.00,0.00,94.50
2022-08-30T20:06:22,4.03,0.00,1.25,0.00,0.00,0.10,0.00,0.00,0.00,94.62
2022-08-30T20:06:23,4.67,0.00,0.78,0.00,0.00,0.01,0.00,0.00,0.00,94.54
2022-08-30T20:06:24,4.63,0.00,0.88,0.00,0.00,0.04,0.00,0.00,0.00,94.46
2022-08-30T20:06:25,4.35,0.00,1.09,0.00,0.00,0.10,0.00,0.00,0.00,94.47
2022-08-30T20:06:26,4.76,0.00,0.84,0.00,0.00,0.02,0.00,0.00,0.00,94.38
2022-08-30T20:06:27,4.37,0.00,0.87,0.00,0.00,0.10,0.00,0.00,0.00,94.65
2022-08-30T20:06:28,4.25,0.00,1.04,0.00,0.00,0.06,0.00,0.00,0.00,94.65
2022-08-30T20:06:29,4.97,0.00,0.55,0.00,0.00,0.01,0.00,0.00,0.00,94.47
2022-08-30T20:06:30,4.10,0.00,1.36,0.00,0.00,0.01,0.00,0.00,0.00,94.53
2022-08-30T20:06:31,5.14,0.00,0.76,0.00,0.00,0.03,0.00,0.00,0.00,94.07
2022-08-30T20:06:32,4.44,0.00,0.86,0.00,0.00,0.01,0.00,0.00,0.00,94.68
2022-08-30T20:06:33,4.51,0.00,1.02,0.00,0.00,0.04,0.00,0.00,0.00,94.43
2022-08-30T20:06:34,4.41,0.00,0.87,0.00,0.00,0.09,0.00,0.00,0.00,94.63
2022-08-30T20:06:35,4.22,0.00,1.21,0.00,0.00,0.02,0.00,0.00,0.00,94.54
2022-08-30T20:06:36,4.61,0.00,0.87,0.00,0.00,0.14,0.00,0.00,0.00,94.38
2022-08-30T20:06:37,4.53,0.00,0.84,0.00,0.00,0.08,0.00,0.00,0.00,94.56
2022-08-30T20:06:38,4.74,0.00,0.70,0.00,0.00,0.06,0.00,0.00,0.00,94.50
2022-08-30T20:06:39,4.07,0.00,1.12,0.00,0.00,0.15,0.00,0.00,0.00,94.66
2022-08-30T20:06:40,4.84,0.00,0.50,0.00,0.00,0.11,0.00,0.00,0.00,94.55
2022-08-30T20:06:41,4.22,0.00,1.09,0.00,0.00,0.07,0.00,0.00,0.00,94.61
2022-08-30T20:06:42,4.92,0.00,0.45,0.00,0.00,0.09,0.00,0.00,0.00,94.55
2022-08-30T20:06:43,3.90,0.00,1.21,0.00,0.00,0.05,0.00,0.00,0.00,94.84
2022-08-30T20:06:44,4.84,0.00,0.49,0.00,0.00,0.10,0.00,0.00,0.00,94.57
2022-08-30T20:06:45,4.52,0.00,0.94,0.00,0.00,0.04,0.00,0.00,0.00,94.51
2022-08-30T20:06:46,4.19,0.00,1.04,0.00,0.00,0.01,0.00,0.00,0.00,94.75
2022-08-30T20:06:47,4.88,0.00,0.65,0.00,0.00,0.03,0.00,0.00,0.00,94.45
2022-08-30T20:06:48,4.12,0.00,1.14,0.00,0.00,0.05,0.00,0.00,0.00,94.69
2022-08-30T20:06:49,4.54,0.00,0.84,0.00,0.00,0.05,0.00,0.00,0.00,94.57
2022-08-30T20:06:50,4.49,0.00,0.85,0.00,0.00,0.04,0.00,0.00,0.00,94.62
2022-08-30T20:06:51,4.22,0.00,1.11,0.00,0.00,0.01,0.00,0.00,0.00,94.66
2022-08-30T20:06:52,4.90,0.00,0.53,0.00,0.00,0.06,0.00,0.00,0.00,94.51
2022-08-30T20:06:53,4.37,0.00,1.00,0.00,0.00,0.01,0.00,0.00,0.00,94.61
2022-08-30T20:06:54,4.66,0.00,0.78,0.00,0.00,0.03,0.00,0.00,0.00,94.54
2022-08-30T20:06:55,4.52,0.00,0.88,0.00,0.00,0.01,0.00,0.00,0.00,94.60
2022-08-30T20:06:56,4.67,0.00,0.80,0.00,0.00,0.05,0.00,0.00,0.00,94.48
2022-08-30T20:06:57,4.66,0.00,0.74,0.00,0.00,0.10,0.00,0.00,0.00,94.50
2022-08-30T20:06:58,4.30,0.00,1.02,0.00,0.00,0.11,0.00,0.00,0.00,94.57
2022-08-30T20:06:59,4.61,0.00,0.98,0.00,0.00,0.03,0.00,0.00,0.00,94.39
2022-08-30T20:07:00,4.47,0.00,1.00,0.00,0.00,0.06,0.00,0.00,0.00,94.47
2022-08-30T20:07:01,4.62,0.00,1.11,0.00,0.00,0.10,0.00,0.00,0.00,94.17
2022-08-30T20:07:02,4.61,0.00,0.89,0.00,0.00,0.09,0.00,0.00,0.00,94.42
2022-08-30T20:07:03,4.48,0.00,0.81,0.00,0.00,0.07,0.00,0.00,0.00,94.63
2022-08-30T20:07:04,4.70,0.00,0.64,0.00,0.00,0.09,0.00,0.00,0.00,94.57
2022-08-30T20:07:05,4.27,0.00,0.92,0.00,0.00,0.09,0.00,0.00,0.00,94.71
2022-08-30T20:07:06,4.99,0.00,0.42,0.00,0.00,0.10,0.00,0.00,0.00,94.49
2022-08-30T20:07:07,4.18,0.00,1.09,0.00,0.00,0.11,0.00,0.00,0.00,94.62
2022-08-30T20:07:08,4.80,0.00,0.56,0.00,0.00,0.05,0.00,0.00,0.00,94.59
2022-08-30T20:07:09,4.37,0.00,0.92,0.00,0.00,0.05,0.00,0.00,0.00,94.65
2022-08-30T20:07:10,4.56,0.00,0.75,0.00,0.00,0.01,0.00,0.00,0.00,94.67
2022-08-30T20:07:11,4.63,0.00,0.80,0.00,0.00,0.00,0.00,0.00,0.00,94.57
2022-08-30T20:07:12,4.30,0.00,1.00,0.00,0.00,0.03,0.00,0.00,0.00,94.67
2022-08-30T20:07:13,4.91,0.00,0.55,0.00,0.00,0.10,0.00,0.00,0.00,94.44
2022-08-30T20:07:14,4.31,0.00,0.89,0.00,0.00,0.00,0.00,0.00,0.00,94.80
2022-08-30T20:07:15,4.72,0.00,0.71,0.00,0.00,0.20,0.00,0.00,0.00,94.37
2022-08-30T20:07:16,4.41,0.00,0.97,0.00,0.00,0.06,0.00,0.00,0.00,94.55
2022-08-30T20:07:17,4.25,0.00,1.00,0.00,0.00,0.15,0.00,0.00,0.00,94.60
2022-08-30T20:07:18,4.95,0.00,0.49,0.00,0.00,0.01,0.00,0.00,0.00,94.55
2022-08-30T20:07:19,3.82,0.00,1.35,0.00,0.00,0.01,0.00,0.00,0.00,94.82
2022-08-30T20:07:20,4.87,0.00,0.52,0.00,0.00,0.05,0.00,0.00,0.00,94.55
2022-08-30T20:07:21,3.96,0.00,1.35,0.00,0.00,0.01,0.00,0.00,0.00,94.67
2022-08-30T20:07:22,4.98,0.00,0.45,0.00,0.00,0.05,0.00,0.00,0.00,94.52
2022-08-30T20:07:23,4.17,0.00,1.06,0.00,0.00,0.11,0.00,0.00,0.00,94.66
2022-08-30T20:07:24,4.47,0.00,1.09,0.00,0.00,0.14,0.00,0.00,0.00,94.31
2022-08-30T20:07:25,4.73,0.00,0.71,0.00,0.00,0.20,0.00,0.00,0.00,94.36
2022-08-30T20:07:26,4.39,0.00,0.92,0.00,0.00,0.05,0.00,0.00,0.00,94.64
2022-08-30T20:07:27,4.89,0.00,0.51,0.00,0.00,0.11,0.00,0.00,0.00,94.49
2022-08-30T20:07:28,4.31,0.00,1.04,0.00,0.00,0.09,0.00,0.00,0.00,94.56
2022-08-30T20:07:29,4.45,0.00,0.96,0.00,0.00,0.19,0.00,0.00,0.00,94.40
2022-08-30T20:07:30,4.75,0.00,0.86,0.00,0.00,0.22,0.00,0.00,0.00,94.17
2022-08-30T20:07:31,4.19,0.00,1.16,0.00,0.00,0.19,0.00,0.00,0.00,94.46
2022-08-30T20:07:32,4.81,0.00,0.99,0.00,0.00,0.13,0.00,0.00,0.00,94.07
2022-08-30T20:07:33,4.25,0.00,1.00,0.00,0.00,0.12,0.00,0.00,0.00,94.63
2022-08-30T20:07:34,4.74,0.00,0.79,0.00,0.00,0.05,0.00,0.00,0.00,94.42
2022-08-30T20:07:35,4.26,0.00,1.01,0.00,0.00,0.01,0.00,0.00,0.00,94.71
2022-08-30T20:07:36,4.46,0.00,0.84,0.00,0.00,0.09,0.00,0.00,0.00,94.62
2022-08-30T20:07:37,4.45,0.00,0.78,0.00,0.00,0.08,0.00,0.00,0.00,94.70
2022-08-30T20:07:38,4.48,0.00,0.95,0.00,0.00,0.16,0.00,0.00,0.00,94.41
2022-08-30T20:07:39,4.48,0.00,0.77,0.00,0.00,0.15,0.00,0.00,0.00,94.60
2022-08-30T20:07:40,4.80,0.00,0.59,0.00,0.00,0.20,0.00,0.00,0.00,94.41
2022-08-30T20:07:41,4.29,0.00,1.09,0.00,0.00,0.08,0.00,0.00,0.00,94.55
2022-08-30T20:07:42,4.84,0.00,0.72,0.00,0.00,0.06,0.00,0.00,0.00,94.38
2022-08-30T20:07:43,4.25,0.00,1.01,0.00,0.00,0.04,0.00,0.00,0.00,94.70
2022-08-30T20:07:44,4.94,0.00,0.52,0.00,0.00,0.16,0.00,0.00,0.00,94.37
2022-08-30T20:07:45,3.91,0.00,1.26,0.00,0.00,0.05,0.00,0.00,0.00,94.78
2022-08-30T20:07:46,4.99,0.00,0.35,0.00,0.00,0.10,0.00,0.00,0.00,94.56
2022-08-30T20:07:47,4.20,0.00,1.06,0.00,0.00,0.10,0.00,0.00,0.00,94.64
2022-08-30T20:07:48,4.99,0.00,0.30,0.00,0.00,0.24,0.00,0.00,0.00,94.47
2022-08-30T20:07:49,4.12,0.00,1.19,0.00,0.00,0.21,0.00,0.00,0.00,94.48
2022-08-30T20:07:50,4.98,0.00,0.44,0.00,0.00,0.10,0.00,0.00,0.00,94.48
2022-08-30T20:07:51,3.95,0.00,1.26,0.00,0.00,0.06,0.00,0.00,0.00,94.73
2022-08-30T20:07:52,4.99,0.00,0.37,0.00,0.00,0.25,0.00,0.00,0.00,94.38
2022-08-30T20:07:53,3.93,0.00,1.16,0.00,0.00,0.17,0.00,0.00,0.00,94.73
2022-08-30T20:07:54,4.60,0.00,0.96,0.00,0.00,0.01,0.00,0.00,0.00,94.43
2022-08-30T20:07:55,4.33,0.00,0.94,0.00,0.00,0.01,0.00,0.00,0.00,94.72
2022-08-30T20:07:56,5.00,0.00,0.33,0.00,0.00,0.05,0.00,0.00,0.00,94.62
2022-08-30T20:07:57,3.87,0.00,1.31,0.00,0.00,0.03,0.00,0.00,0.00,94.80
2022-08-30T20:07:58,4.74,0.00,0.70,0.00,0.00,0.11,0.00,0.00,0.00,94.44
2022-08-30T20:07:59,4.34,0.00,0.97,0.00,0.00,0.06,0.00,0.00,0.00,94.62
2022-08-30T20:08:00,4.39,0.00,0.95,0.00,0.00,0.05,0.00,0.00,0.00,94.61
2022-08-30T20:08:01,4.69,0.00,0.79,0.00,0.00,0.04,0.00,0.00,0.00,94.49
2022-08-30T20:08:02,4.43,0.00,1.37,0.00,0.00,0.04,0.00,0.00,0.00,94.16
2022-08-30T20:08:03,4.96,0.00,0.53,0.00,0.00,0.09,0.00,0.00,0.00,94.42
2022-08-30T20:08:04,3.78,0.00,1.41,0.00,0.00,0.04,0.00,0.00,0.00,94.77
2022-08-30T20:08:05,5.06,0.00,0.51,0.01,0.00,0.03,0.00,0.00,0.00,94.39
2022-08-30T20:08:06,4.27,0.00,0.95,0.00,0.00,0.14,0.00,0.00,0.00,94.64
2022-08-30T20:08:07,4.31,0.00,1.14,0.00,0.00,0.04,0.00,0.00,0.00,94.51
2022-08-30T20:08:08,4.78,0.00,0.60,0.00,0.00,0.05,0.00,0.00,0.00,94.57
2022-08-30T20:08:09,4.34,0.00,0.96,0.00,0.00,0.17,0.00,0.00,0.00,94.52
2022-08-30T20:08:10,4.91,0.00,0.51,0.00,0.00,0.19,0.00,0.00,0.00,94.39
2022-08-30T20:08:11,2.91,0.00,1.51,0.77,0.00,0.14,0.00,0.00,0.00,94.66
2022-08-30T20:08:12,3.07,0.00,3.23,0.00,0.00,0.06,0.00,0.00,0.00,93.63
2022-08-30T20:08:13,3.13,0.00,2.87,0.01,0.00,0.03,0.00,0.00,0.00,93.97
2022-08-30T20:08:14,3.02,0.00,2.45,0.00,0.00,0.11,0.00,0.00,0.00,94.42
2022-08-30T20:08:15,2.92,0.00,2.49,0.00,0.00,0.07,0.00,0.00,0.00,94.51
2022-08-30T20:08:16,3.20,0.00,2.25,0.00,0.00,0.02,0.00,0.00,0.00,94.53
2022-08-30T20:08:17,2.79,0.00,2.52,0.01,0.00,0.16,0.00,0.00,0.00,94.51
2022-08-30T20:08:18,3.13,0.00,2.34,0.00,0.00,0.12,0.00,0.00,0.00,94.40
2022-08-30T20:08:19,2.99,0.00,2.47,0.00,0.00,0.14,0.00,0.00,0.00,94.40
2022-08-30T20:08:20,3.18,0.00,2.13,0.00,0.00,0.01,0.00,0.00,0.00,94.68
2022-08-30T20:08:21,3.16,0.00,2.24,0.00,0.00,0.01,0.00,0.00,0.00,94.59
2022-08-30T20:08:22,3.05,0.00,2.40,0.00,0.00,0.05,0.00,0.00,0.00,94.50
2022-08-30T20:08:23,3.55,0.00,1.81,0.01,0.00,0.11,0.00,0.00,0.00,94.51
2022-08-30T20:08:24,2.85,0.00,2.63,0.01,0.00,0.08,0.00,0.00,0.00,94.44
2022-08-30T20:08:25,2.92,0.00,2.61,0.00,0.00,0.05,0.00,0.00,0.00,94.41
2022-08-30T20:08:26,3.39,0.00,1.97,0.00,0.00,0.22,0.00,0.00,0.00,94.41
2022-08-30T20:08:27,2.77,0.00,2.66,0.01,0.00,0.24,0.00,0.00,0.00,94.32
2022-08-30T20:08:28,3.05,0.00,2.55,0.00,0.00,0.06,0.00,0.00,0.00,94.33
2022-08-30T20:08:29,3.00,0.00,2.48,0.00,0.00,0.13,0.00,0.00,0.00,94.40
2022-08-30T20:08:30,3.18,0.00,2.31,0.00,0.00,0.16,0.00,0.00,0.00,94.35
2022-08-30T20:08:31,3.10,0.00,2.26,0.00,0.00,0.06,0.00,0.00,0.00,94.57
2022-08-30T20:08:32,3.56,0.00,2.16,0.01,0.00,0.12,0.00,0.00,0.00,94.14
2022-08-30T20:08:33,3.17,0.00,2.26,0.00,0.00,0.07,0.00,0.00,0.00,94.49
2022-08-30T20:08:34,3.56,0.00,1.90,0.00,0.00,0.12,0.00,0.00,0.00,94.42
2022-08-30T20:08:35,3.25,0.00,2.19,0.00,0.00,0.09,0.00,0.00,0.00,94.48
2022-08-30T20:08:36,3.21,0.00,2.22,0.01,0.00,0.15,0.00,0.00,0.00,94.41
2022-08-30T20:08:37,2.93,0.00,2.48,0.00,0.00,0.09,0.00,0.00,0.00,94.49
2022-08-30T20:08:38,3.08,0.00,2.39,0.00,0.00,0.03,0.00,0.00,0.00,94.51
2022-08-30T20:08:39,3.35,0.00,2.15,0.01,0.00,0.01,0.00,0.00,0.00,94.47
2022-08-30T20:08:40,3.15,0.00,2.29,0.01,0.00,0.01,0.00,0.00,0.00,94.53
2022-08-30T20:08:41,2.93,0.00,2.56,0.00,0.00,0.10,0.00,0.00,0.00,94.41
2022-08-30T20:08:42,3.30,0.00,2.30,0.00,0.00,0.15,0.00,0.00,0.00,94.26
2022-08-30T20:08:43,2.48,0.00,1.75,1.06,0.00,0.08,0.00,0.00,0.00,94.64
2022-08-30T20:08:44,2.21,0.00,1.96,1.22,0.00,0.22,0.00,0.00,0.00,94.38
2022-08-30T20:08:45,2.49,0.00,2.16,0.89,0.00,0.11,0.00,0.00,0.00,94.35
2022-08-30T20:08:46,3.23,0.00,2.17,0.00,0.00,0.03,0.00,0.00,0.00,94.58
2022-08-30T20:08:47,3.47,0.00,1.95,0.01,0.00,0.07,0.00,0.00,0.00,94.49
2022-08-30T20:08:48,2.94,0.00,2.61,0.00,0.00,0.01,0.00,0.00,0.00,94.43
2022-08-30T20:08:49,2.82,0.00,2.52,0.00,0.00,0.00,0.00,0.00,0.00,94.67
2022-08-30T20:08:50,2.94,0.00,2.60,0.00,0.00,0.04,0.00,0.00,0.00,94.43
2022-08-30T20:08:51,3.18,0.00,2.18,0.00,0.00,0.05,0.00,0.00,0.00,94.60
2022-08-30T20:08:52,3.36,0.00,2.05,0.00,0.00,0.14,0.00,0.00,0.00,94.45
2022-08-30T20:08:53,2.99,0.00,2.48,0.01,0.00,0.20,0.00,0.00,0.00,94.31
2022-08-30T20:08:54,2.95,0.00,2.47,0.00,0.00,0.14,0.00,0.00,0.00,94.44
2022-08-30T20:08:55,2.90,0.00,2.49,0.00,0.00,0.12,0.00,0.00,0.00,94.49
2022-08-30T20:08:56,3.03,0.00,2.43,0.00,0.00,0.09,0.00,0.00,0.00,94.44
2022-08-30T20:08:57,3.75,0.00,1.59,0.00,0.00,0.21,0.00,0.00,0.00,94.46
2022-08-30T20:08:58,3.26,0.00,2.15,0.00,0.00,0.11,0.00,0.00,0.00,94.48
2022-08-30T20:08:59,3.52,0.00,1.95,0.00,0.00,0.06,0.00,0.00,0.00,94.47
2022-08-30T20:09:00,3.79,0.00,1.52,0.00,0.00,0.19,0.00,0.00,0.00,94.50
2022-08-30T20:09:01,4.01,0.00,1.25,0.00,0.00,0.12,0.00,0.00,0.00,94.62
2022-08-30T20:09:02,4.12,0.00,1.48,0.00,0.00,0.05,0.00,0.00,0.00,94.36
2022-08-30T20:09:03,3.96,0.00,1.26,0.00,0.00,0.03,0.00,0.00,0.00,94.75
2022-08-30T20:09:04,4.00,0.00,1.31,0.00,0.00,0.01,0.00,0.00,0.00,94.67
2022-08-30T20:09:05,4.06,0.00,1.25,0.00,0.00,0.01,0.00,0.00,0.00,94.67
2022-08-30T20:09:06,3.94,0.00,1.33,0.00,0.00,0.00,0.00,0.00,0.00,94.73
2022-08-30T20:09:07,3.99,0.00,1.30,0.00,0.00,0.01,0.00,0.00,0.00,94.70
2022-08-30T20:09:08,4.48,0.00,0.90,0.00,0.00,0.01,0.00,0.00,0.00,94.60
2022-08-30T20:09:09,4.49,0.00,0.70,0.00,0.00,0.01,0.00,0.00,0.00,94.80
2022-08-30T20:09:10,4.43,0.00,0.75,0.00,0.00,0.01,0.00,0.00,0.00,94.81
2022-08-30T20:09:11,4.51,0.00,0.68,0.00,0.00,0.01,0.00,0.00,0.00,94.80
2022-08-30T20:09:12,4.60,0.00,0.58,0.00,0.00,0.01,0.00,0.00,0.00,94.81
2022-08-30T20:09:13,4.77,0.00,0.40,0.01,0.00,0.04,0.00,0.00,0.00,94.78
2022-08-30T20:09:14,4.45,0.00,0.73,0.00,0.00,0.03,0.00,0.00,0.00,94.80
2022-08-30T20:09:15,4.59,0.00,0.84,0.00,0.00,0.09,0.00,0.00,0.00,94.49
2022-08-30T20:09:16,4.47,0.00,0.67,0.00,0.00,0.12,0.00,0.00,0.00,94.73
2022-08-30T20:09:17,4.62,0.00,0.66,0.00,0.00,0.06,0.00,0.00,0.00,94.65
2022-08-30T20:09:18,4.47,0.00,0.67,0.00,0.00,0.14,0.00,0.00,0.00,94.72
2022-08-30T20:09:19,4.53,0.00,0.75,0.00,0.00,0.14,0.00,0.00,0.00,94.58
2022-08-30T20:09:20,4.71,0.00,0.52,0.00,0.00,0.26,0.00,0.00,0.00,94.50
2022-08-30T20:09:21,3.95,0.00,1.29,0.00,0.00,0.12,0.00,0.00,0.00,94.64
2022-08-30T20:09:22,4.91,0.00,0.51,0.00,0.00,0.01,0.00,0.00,0.00,94.57
2022-08-30T20:09:23,4.09,0.00,1.10,0.00,0.00,0.04,0.00,0.00,0.00,94.77
2022-08-30T20:09:24,5.04,0.00,0.49,0.00,0.00,0.06,0.00,0.00,0.00,94.41
2022-08-30T20:09:25,4.13,0.00,1.23,0.00,0.00,0.03,0.00,0.00,0.00,94.62
2022-08-30T20:09:26,4.51,0.00,0.91,0.00,0.00,0.01,0.00,0.00,0.00,94.56
2022-08-30T20:09:27,4.43,0.00,1.05,0.00,0.00,0.02,0.00,0.00,0.00,94.49
2022-08-30T20:09:28,4.56,0.00,1.00,0.00,0.00,0.02,0.00,0.00,0.00,94.42
2022-08-30T20:09:29,4.59,0.00,0.81,0.00,0.00,0.12,0.00,0.00,0.00,94.47
2022-08-30T20:09:30,4.53,0.00,0.82,0.00,0.00,0.15,0.00,0.00,0.00,94.49
2022-08-30T20:09:31,4.79,0.00,0.64,0.00,0.00,0.06,0.00,0.00,0.00,94.52
2022-08-30T20:09:32,4.35,0.00,1.27,0.00,0.00,0.46,0.00,0.00,0.00,93.92
2022-08-30T20:09:33,4.92,0.00,0.56,0.00,0.00,0.27,0.00,0.00,0.00,94.25
2022-08-30T20:09:34,4.33,0.00,0.95,0.00,0.00,0.34,0.00,0.00,0.00,94.39
2022-08-30T20:09:35,4.63,0.00,0.82,0.00,0.00,0.26,0.00,0.00,0.00,94.29
2022-08-30T20:09:36,4.45,0.00,0.84,0.00,0.00,0.32,0.00,0.00,0.00,94.38
2022-08-30T20:09:37,4.20,0.00,1.08,0.00,0.00,0.25,0.00,0.00,0.00,94.46
2022-08-30T20:09:38,4.42,0.00,0.86,0.00,0.00,0.19,0.00,0.00,0.00,94.53
2022-08-30T20:09:39,4.64,0.00,0.76,0.00,0.00,0.15,0.00,0.00,0.00,94.44
2022-08-30T20:09:40,4.65,0.00,0.74,0.00,0.00,0.09,0.00,0.00,0.00,94.53
2022-08-30T20:09:41,4.26,0.00,1.09,0.00,0.00,0.10,0.00,0.00,0.00,94.55
2022-08-30T20:09:42,4.71,0.00,0.75,0.00,0.00,0.17,0.00,0.00,0.00,94.37
2022-08-30T20:09:43,4.35,0.00,0.95,0.00,0.00,0.05,0.00,0.00,0.00,94.65
2022-08-30T20:09:44,4.31,0.00,1.02,0.00,0.00,0.11,0.00,0.00,0.00,94.55
2022-08-30T20:09:45,5.02,0.00,0.60,0.00,0.00,0.06,0.00,0.00,0.00,94.32
2022-08-30T20:09:46,4.20,0.00,1.06,0.00,0.00,0.12,0.00,0.00,0.00,94.62
2022-08-30T20:09:47,4.35,0.00,1.10,0.00,0.00,0.11,0.00,0.00,0.00,94.44
2022-08-30T20:09:48,4.44,0.00,0.87,0.00,0.00,0.14,0.00,0.00,0.00,94.54
2022-08-30T20:09:49,4.52,0.00,0.74,0.00,0.00,0.14,0.00,0.00,0.00,94.60
2022-08-30T20:09:50,4.83,0.00,0.74,0.00,0.00,0.19,0.00,0.00,0.00,94.24
2022-08-30T20:09:51,4.05,0.00,1.25,0.00,0.00,0.09,0.00,0.00,0.00,94.62
2022-08-30T20:09:52,5.11,0.00,0.42,0.00,0.00,0.12,0.00,0.00,0.00,94.34
2022-08-30T20:09:53,3.86,0.00,1.37,0.80,0.00,0.25,0.00,0.00,0.00,93.72
2022-08-30T20:09:54,4.94,0.00,0.36,0.32,0.00,0.24,0.00,0.00,0.00,94.13
2022-08-30T20:09:55,3.85,0.00,1.42,0.97,0.00,0.09,0.00,0.00,0.00,93.67
2022-08-30T20:09:56,4.79,0.00,0.73,0.08,0.00,0.11,0.00,0.00,0.00,94.30
2022-08-30T20:09:57,3.96,0.00,1.19,0.00,0.00,0.16,0.00,0.00,0.00,94.69
2022-08-30T20:09:58,4.68,0.00,0.72,0.00,0.00,0.15,0.00,0.00,0.00,94.44
2022-08-30T20:09:59,4.44,0.00,0.85,0.00,0.00,0.10,0.00,0.00,0.00,94.61
2022-08-30T20:10:00,4.56,0.00,0.76,0.00,0.00,0.13,0.00,0.00,0.00,94.55
2022-08-30T20:10:01,4.67,0.00,0.75,0.00,0.00,0.07,0.00,0.00,0.00,94.50
2022-08-30T20:10:02,4.21,0.00,1.02,0.00,0.00,0.20,0.00,0.00,0.00,94.57
2022-08-30T20:10:03,5.16,0.00,0.54,0.00,0.00,0.15,0.00,0.00,0.00,94.15
2022-08-30T20:10:04,3.00,0.00,2.31,0.00,0.00,0.19,0.00,0.00,0.00,94.51
2022-08-30T20:10:05,3.12,0.00,2.36,0.00,0.00,0.17,0.00,0.00,0.00,94.35
2022-08-30T20:10:06,3.13,0.00,2.19,0.00,0.00,0.11,0.00,0.00,0.00,94.57
2022-08-30T20:10:07,3.00,0.00,2.53,0.00,0.00,0.12,0.00,0.00,0.00,94.35
2022-08-30T20:10:08,3.38,0.00,2.08,0.00,0.00,0.35,0.00,0.00,0.00,94.19
2022-08-30T20:10:09,3.22,0.00,2.23,0.00,0.00,0.17,0.00,0.00,0.00,94.38
2022-08-30T20:10:10,2.98,0.00,2.35,0.00,0.00,0.21,0.00,0.00,0.00,94.46
2022-08-30T20:10:11,3.42,0.00,2.02,0.00,0.00,0.21,0.00,0.00,0.00,94.35
2022-08-30T20:10:12,3.11,0.00,2.28,0.00,0.00,0.29,0.00,0.00,0.00,94.33
2022-08-30T20:10:13,3.21,0.00,2.18,0.00,0.00,0.09,0.00,0.00,0.00,94.52
2022-08-30T20:10:14,2.97,0.00,2.41,0.00,0.00,0.17,0.00,0.00,0.00,94.45
2022-08-30T20:10:15,2.95,0.00,2.65,0.00,0.00,0.12,0.00,0.00,0.00,94.28
2022-08-30T20:10:16,3.35,0.00,2.06,0.00,0.00,0.24,0.00,0.00,0.00,94.35
2022-08-30T20:10:17,2.99,0.00,2.32,0.00,0.00,0.19,0.00,0.00,0.00,94.50
2022-08-30T20:10:18,3.24,0.00,2.21,0.00,0.00,0.15,0.00,0.00,0.00,94.40
2022-08-30T20:10:19,3.02,0.00,2.36,0.00,0.00,0.22,0.00,0.00,0.00,94.40
2022-08-30T20:10:20,2.88,0.00,2.55,0.00,0.00,0.15,0.00,0.00,0.00,94.42
2022-08-30T20:10:21,3.00,0.00,2.45,0.00,0.00,0.25,0.00,0.00,0.00,94.30
2022-08-30T20:10:22,2.99,0.00,2.42,0.00,0.00,0.32,0.00,0.00,0.00,94.27
2022-08-30T20:10:23,3.18,0.00,2.14,0.00,0.00,0.21,0.00,0.00,0.00,94.47
2022-08-30T20:10:24,3.12,0.00,2.24,0.00,0.00,0.14,0.00,0.00,0.00,94.50
2022-08-30T20:10:25,3.16,0.00,2.32,0.00,0.00,0.20,0.00,0.00,0.00,94.32
2022-08-30T20:10:26,3.03,0.00,2.56,0.00,0.00,0.07,0.00,0.00,0.00,94.33
2022-08-30T20:10:27,3.09,0.00,2.36,0.00,0.00,0.12,0.00,0.00,0.00,94.43
2022-08-30T20:10:28,3.33,0.00,2.29,0.00,0.00,0.19,0.00,0.00,0.00,94.19
2022-08-30T20:10:29,3.03,0.00,2.49,0.00,0.00,0.10,0.00,0.00,0.00,94.38
2022-08-30T20:10:30,2.87,0.00,2.52,0.00,0.00,0.12,0.00,0.00,0.00,94.48
2022-08-30T20:10:31,3.10,0.00,2.31,0.00,0.00,0.11,0.00,0.00,0.00,94.48
2022-08-30T20:10:32,2.91,0.00,2.50,0.00,0.00,0.19,0.00,0.00,0.00,94.41
2022-08-30T20:10:33,2.97,0.00,2.82,0.00,0.00,0.09,0.00,0.00,0.00,94.13
2022-08-30T20:10:34,3.21,0.00,2.30,0.00,0.00,0.15,0.00,0.00,0.00,94.35
2022-08-30T20:10:35,3.41,0.00,2.09,0.00,0.00,0.11,0.00,0.00,0.00,94.39
2022-08-30T20:10:36,3.17,0.00,2.21,0.00,0.00,0.11,0.00,0.00,0.00,94.50
2022-08-30T20:10:37,2.87,0.00,2.55,0.00,0.00,0.20,0.00,0.00,0.00,94.38
2022-08-30T20:10:38,3.15,0.00,2.36,0.00,0.00,0.09,0.00,0.00,0.00,94.40
2022-08-30T20:10:39,3.22,0.00,2.16,0.00,0.00,0.19,0.00,0.00,0.00,94.43
2022-08-30T20:10:40,3.25,0.00,2.14,0.00,0.00,0.14,0.00,0.00,0.00,94.48
2022-08-30T20:10:41,2.96,0.00,2.39,0.01,0.00,0.20,0.00,0.00,0.00,94.44
2022-08-30T20:10:42,3.35,0.00,2.17,0.00,0.00,0.07,0.00,0.00,0.00,94.40
2022-08-30T20:10:43,3.10,0.00,2.25,0.00,0.00,0.24,0.00,0.00,0.00,94.42
2022-08-30T20:10:44,3.41,0.00,2.08,0.00,0.00,0.14,0.00,0.00,0.00,94.37
2022-08-30T20:10:45,3.37,0.00,1.98,0.00,0.00,0.13,0.00,0.00,0.00,94.53
2022-08-30T20:10:46,2.90,0.00,2.49,0.00,0.00,0.05,0.00,0.00,0.00,94.56
2022-08-30T20:10:47,3.03,0.00,2.39,0.00,0.00,0.15,0.00,0.00,0.00,94.43
2022-08-30T20:10:48,3.26,0.00,2.26,0.01,0.00,0.09,0.00,0.00,0.00,94.38
2022-08-30T20:10:49,3.57,0.00,1.74,0.00,0.00,0.15,0.00,0.00,0.00,94.54
2022-08-30T20:10:50,4.28,0.00,1.12,0.00,0.00,0.09,0.00,0.00,0.00,94.51
2022-08-30T20:10:51,4.12,0.00,1.17,0.00,0.00,0.16,0.00,0.00,0.00,94.55
2022-08-30T20:10:52,3.93,0.00,1.30,0.00,0.00,0.14,0.00,0.00,0.00,94.63
2022-08-30T20:10:53,4.06,0.00,1.17,0.00,0.00,0.12,0.00,0.00,0.00,94.64
2022-08-30T20:10:54,3.93,0.00,1.33,0.00,0.00,0.13,0.00,0.00,0.00,94.62
2022-08-30T20:10:55,3.99,0.00,1.31,0.00,0.00,0.08,0.00,0.00,0.00,94.62
2022-08-30T20:10:56,3.99,0.00,1.31,0.00,0.00,0.07,0.00,0.00,0.00,94.63
2022-08-30T20:10:57,4.29,0.00,0.97,0.00,0.00,0.12,0.00,0.00,0.00,94.61
2022-08-30T20:10:58,3.93,0.00,1.34,0.00,0.00,0.06,0.00,0.00,0.00,94.67
2022-08-30T20:10:59,4.04,0.00,1.31,0.00,0.00,0.25,0.00,0.00,0.00,94.40
2022-08-30T20:11:00,4.47,0.00,0.74,0.00,0.00,0.10,0.00,0.00,0.00,94.69
2022-08-30T20:11:01,4.56,0.00,0.62,0.00,0.00,0.19,0.00,0.00,0.00,94.63
2022-08-30T20:11:02,4.45,0.00,0.80,0.00,0.00,0.06,0.00,0.00,0.00,94.69
2022-08-30T20:11:03,4.97,0.00,0.80,0.00,0.00,0.19,0.00,0.00,0.00,94.05
2022-08-30T20:11:04,4.51,0.00,0.69,0.00,0.00,0.10,0.00,0.00,0.00,94.70
2022-08-30T20:11:05,4.54,0.00,0.71,0.00,0.00,0.17,0.00,0.00,0.00,94.57
2022-08-30T20:11:06,4.71,0.00,0.84,0.00,0.00,0.11,0.00,0.00,0.00,94.34
2022-08-30T20:11:07,4.48,0.00,0.71,0.00,0.00,0.14,0.00,0.00,0.00,94.67
2022-08-30T20:11:08,4.51,0.00,0.72,0.00,0.00,0.10,0.00,0.00,0.00,94.67
2022-08-30T20:11:09,4.54,0.00,0.66,0.00,0.00,0.11,0.00,0.00,0.00,94.69
2022-08-30T20:11:10,4.56,0.00,0.67,0.00,0.00,0.12,0.00,0.00,0.00,94.64
2022-08-30T20:11:11,4.50,0.00,0.80,0.00,0.00,0.16,0.00,0.00,0.00,94.53
2022-08-30T20:11:12,4.76,0.00,0.45,0.00,0.00,0.09,0.00,0.00,0.00,94.71
2022-08-30T20:11:13,4.05,0.00,1.16,0.00,0.00,0.14,0.00,0.00,0.00,94.65
2022-08-30T20:11:14,4.83,0.00,0.56,0.00,0.00,0.12,0.00,0.00,0.00,94.48
2022-08-30T20:11:15,4.48,0.00,0.95,0.00,0.00,0.12,0.00,0.00,0.00,94.45
2022-08-30T20:11:16,4.28,0.00,0.97,0.00,0.00,0.19,0.00,0.00,0.00,94.56
2022-08-30T20:11:17,4.94,0.00,0.50,0.00,0.00,0.24,0.00,0.00,0.00,94.33
2022-08-30T20:11:18,4.00,0.00,1.26,0.00,0.00,0.07,0.00,0.00,0.00,94.66
2022-08-30T20:11:19,4.90,0.00,0.55,0.00,0.00,0.16,0.00,0.00,0.00,94.39
2022-08-30T20:11:20,4.21,0.00,0.96,0.00,0.00,0.15,0.00,0.00,0.00,94.68
2022-08-30T20:11:21,5.08,0.00,0.34,0.00,0.00,0.11,0.00,0.00,0.00,94.47
2022-08-30T20:11:22,4.27,0.00,1.01,0.00,0.00,0.07,0.00,0.00,0.00,94.64
2022-08-30T20:11:23,4.40,0.00,0.94,0.00,0.00,0.17,0.00,0.00,0.00,94.48
2022-08-30T20:11:24,4.41,0.00,0.90,0.01,0.00,0.05,0.00,0.00,0.00,94.63
2022-08-30T20:11:25,4.37,0.00,1.06,0.00,0.00,0.10,0.00,0.00,0.00,94.47
2022-08-30T20:11:26,4.66,0.00,0.69,0.00,0.00,0.10,0.00,0.00,0.00,94.55
2022-08-30T20:11:27,4.33,0.00,1.04,0.00,0.00,0.14,0.00,0.00,0.00,94.50
2022-08-30T20:11:28,4.76,0.00,0.74,0.00,0.00,0.14,0.00,0.00,0.00,94.37
2022-08-30T20:11:29,4.18,0.00,1.01,0.00,0.00,0.12,0.00,0.00,0.00,94.68
2022-08-30T20:11:30,5.01,0.00,0.50,0.00,0.00,0.05,0.00,0.00,0.00,94.44
2022-08-30T20:11:31,4.34,0.00,0.95,0.00,0.00,0.09,0.00,0.00,0.00,94.63
2022-08-30T20:11:32,4.17,0.00,1.14,0.00,0.00,0.07,0.00,0.00,0.00,94.61
2022-08-30T20:11:33,4.79,0.00,0.96,0.00,0.00,0.07,0.00,0.00,0.00,94.17
2022-08-30T20:11:34,4.22,0.00,1.14,0.00,0.00,0.05,0.00,0.00,0.00,94.59
2022-08-30T20:11:35,4.81,0.00,0.55,0.00,0.00,0.06,0.00,0.00,0.00,94.57
2022-08-30T20:11:36,4.33,0.00,1.01,0.00,0.00,0.04,0.00,0.00,0.00,94.62
2022-08-30T20:11:37,4.89,0.00,0.53,0.00,0.00,0.08,0.00,0.00,0.00,94.51
2022-08-30T20:11:38,4.53,0.00,1.08,0.00,0.00,0.03,0.00,0.00,0.00,94.37
2022-08-30T20:11:39,4.54,0.00,0.80,0.00,0.00,0.13,0.00,0.00,0.00,94.54
2022-08-30T20:11:40,4.71,0.00,0.75,0.00,0.00,0.09,0.00,0.00,0.00,94.45
2022-08-30T20:11:41,4.13,0.00,1.16,0.00,0.00,0.10,0.00,0.00,0.00,94.60
2022-08-30T20:11:42,4.94,0.00,0.51,0.00,0.00,0.06,0.00,0.00,0.00,94.48
2022-08-30T20:11:43,4.10,0.00,1.05,0.00,0.00,0.10,0.00,0.00,0.00,94.75
2022-08-30T20:11:44,5.02,0.00,0.35,0.00,0.00,0.05,0.00,0.00,0.00,94.58
2022-08-30T20:11:45,3.81,0.00,1.50,0.00,0.00,0.10,0.00,0.00,0.00,94.59
2022-08-30T20:11:46,4.75,0.00,0.70,0.00,0.00,0.03,0.00,0.00,0.00,94.52
2022-08-30T20:11:47,4.63,0.00,0.60,0.00,0.00,0.06,0.00,0.00,0.00,94.70
2022-08-30T20:11:48,4.24,0.00,1.15,0.00,0.00,0.04,0.00,0.00,0.00,94.58
2022-08-30T20:11:49,4.93,0.00,0.52,0.00,0.00,0.09,0.00,0.00,0.00,94.45
2022-08-30T20:11:50,4.33,0.00,1.00,0.00,0.00,0.03,0.00,0.00,0.00,94.65
2022-08-30T20:11:51,4.45,0.00,1.01,0.00,0.00,0.11,0.00,0.00,0.00,94.43
2022-08-30T20:11:52,4.61,0.00,0.66,0.00,0.00,0.05,0.00,0.00,0.00,94.68
2022-08-30T20:11:53,4.50,0.00,0.89,0.00,0.00,0.05,0.00,0.00,0.00,94.56
2022-08-30T20:11:54,4.91,0.00,0.59,0.00,0.00,0.04,0.00,0.00,0.00,94.46
2022-08-30T20:11:55,3.14,0.00,2.27,0.00,0.00,0.07,0.00,0.00,0.00,94.52
2022-08-30T20:11:56,3.10,0.00,2.39,0.00,0.00,0.09,0.00,0.00,0.00,94.43
2022-08-30T20:11:57,2.82,0.00,2.52,0.00,0.00,0.07,0.00,0.00,0.00,94.58
2022-08-30T20:11:58,3.14,0.00,2.37,0.00,0.00,0.05,0.00,0.00,0.00,94.44
2022-08-30T20:11:59,3.18,0.00,2.11,0.00,0.00,0.11,0.00,0.00,0.00,94.60
2022-08-30T20:12:00,3.00,0.00,2.35,0.00,0.00,0.05,0.00,0.00,0.00,94.60
2022-08-30T20:12:01,3.17,0.00,2.20,0.00,0.00,0.10,0.00,0.00,0.00,94.53
2022-08-30T20:12:02,3.26,0.00,2.12,0.00,0.00,0.14,0.00,0.00,0.00,94.48
2022-08-30T20:12:03,3.14,0.00,2.67,0.00,0.00,0.07,0.00,0.00,0.00,94.11
2022-08-30T20:12:04,3.35,0.00,2.07,0.00,0.00,0.10,0.00,0.00,0.00,94.48
2022-08-30T20:12:05,2.91,0.00,2.68,0.00,0.00,0.11,0.00,0.00,0.00,94.30
2022-08-30T20:12:06,3.41,0.00,1.95,0.00,0.00,0.08,0.00,0.00,0.00,94.56
2022-08-30T20:12:07,3.36,0.00,2.05,0.00,0.00,0.15,0.00,0.00,0.00,94.44
2022-08-30T20:12:08,3.03,0.00,2.55,0.00,0.00,0.09,0.00,0.00,0.00,94.33
2022-08-30T20:12:09,3.10,0.00,2.32,0.00,0.00,0.10,0.00,0.00,0.00,94.48
2022-08-30T20:12:10,3.11,0.00,2.39,0.00,0.00,0.06,0.00,0.00,0.00,94.44
2022-08-30T20:12:11,3.11,0.00,2.47,0.00,0.00,0.17,0.00,0.00,0.00,94.25
2022-08-30T20:12:12,3.07,0.00,2.38,0.00,0.00,0.06,0.00,0.00,0.00,94.49
2022-08-30T20:12:13,2.96,0.00,2.65,0.00,0.00,0.10,0.00,0.00,0.00,94.29
2022-08-30T20:12:14,3.02,0.00,2.46,0.00,0.00,0.09,0.00,0.00,0.00,94.43
2022-08-30T20:12:15,2.90,0.00,2.53,0.00,0.00,0.15,0.00,0.00,0.00,94.42
2022-08-30T20:12:16,3.22,0.00,2.30,0.00,0.00,0.14,0.00,0.00,0.00,94.34
2022-08-30T20:12:17,3.72,0.00,1.67,0.00,0.00,0.12,0.00,0.00,0.00,94.48
2022-08-30T20:12:18,2.99,0.00,2.47,0.00,0.00,0.05,0.00,0.00,0.00,94.49
2022-08-30T20:12:19,3.09,0.00,2.34,0.00,0.00,0.13,0.00,0.00,0.00,94.45
2022-08-30T20:12:20,3.32,0.00,2.17,0.00,0.00,0.10,0.00,0.00,0.00,94.41
2022-08-30T20:12:21,3.13,0.00,2.35,0.00,0.00,0.12,0.00,0.00,0.00,94.40
2022-08-30T20:12:22,3.44,0.00,1.91,0.00,0.00,0.03,0.00,0.00,0.00,94.62
2022-08-30T20:12:23,2.85,0.00,2.50,0.00,0.00,0.12,0.00,0.00,0.00,94.53
2022-08-30T20:12:24,3.05,0.00,2.33,0.00,0.00,0.10,0.00,0.00,0.00,94.52
2022-08-30T20:12:25,2.98,0.00,2.47,0.00,0.00,0.11,0.00,0.00,0.00,94.43
2022-08-30T20:12:26,3.01,0.00,2.41,0.00,0.00,0.06,0.00,0.00,0.00,94.51
2022-08-30T20:12:27,3.55,0.00,1.94,0.00,0.00,0.16,0.00,0.00,0.00,94.35
2022-08-30T20:12:28,3.41,0.00,2.12,0.00,0.00,0.07,0.00,0.00,0.00,94.40
2022-08-30T20:12:29,3.04,0.00,2.31,0.00,0.00,0.11,0.00,0.00,0.00,94.53
2022-08-30T20:12:30,2.90,0.00,2.64,0.00,0.00,0.06,0.00,0.00,0.00,94.40
2022-08-30T20:12:31,3.09,0.00,2.46,0.00,0.00,0.06,0.00,0.00,0.00,94.39
2022-08-30T20:12:32,2.98,0.00,2.46,0.00,0.00,0.01,0.00,0.00,0.00,94.55
2022-08-30T20:12:33,3.22,0.00,2.25,0.00,0.00,0.11,0.00,0.00,0.00,94.42
2022-08-30T20:12:34,3.30,0.00,2.57,0.00,0.00,0.07,0.00,0.00,0.00,94.05
2022-08-30T20:12:35,3.08,0.00,2.25,0.00,0.00,0.16,0.00,0.00,0.00,94.51
2022-08-30T20:12:36,2.98,0.00,2.47,0.00,0.00,0.07,0.00,0.00,0.00,94.47
2022-08-30T20:12:37,2.68,0.00,2.64,0.00,0.00,0.09,0.00,0.00,0.00,94.59
2022-08-30T20:12:38,3.55,0.00,1.96,0.00,0.00,0.10,0.00,0.00,0.00,94.39
2022-08-30T20:12:39,3.39,0.00,2.04,0.00,0.00,0.07,0.00,0.00,0.00,94.50
2022-08-30T20:12:40,3.60,0.00,1.79,0.00,0.00,0.11,0.00,0.00,0.00,94.51
2022-08-30T20:12:41,4.24,0.00,1.03,0.00,0.00,0.09,0.00,0.00,0.00,94.65
2022-08-30T20:12:42,4.01,0.00,1.27,0.00,0.00,0.04,0.00,0.00,0.00,94.68
2022-08-30T20:12:43,3.91,0.00,1.29,0.00,0.00,0.15,0.00,0.00,0.00,94.65
2022-08-30T20:12:44,4.06,0.00,1.19,0.00,0.00,0.06,0.00,0.00,0.00,94.69
2022-08-30T20:12:45,4.02,0.00,1.20,0.00,0.00,0.21,0.00,0.00,0.00,94.57
2022-08-30T20:12:46,4.39,0.00,1.01,0.00,0.00,0.05,0.00,0.00,0.00,94.55
2022-08-30T20:12:47,4.01,0.00,1.35,0.00,0.00,0.15,0.00,0.00,0.00,94.50
2022-08-30T20:12:48,4.10,0.00,1.40,0.00,0.00,0.11,0.00,0.00,0.00,94.39
2022-08-30T20:12:49,4.05,0.00,1.21,0.00,0.00,0.12,0.00,0.00,0.00,94.62
2022-08-30T20:12:50,4.05,0.00,1.46,0.00,0.00,0.05,0.00,0.00,0.00,94.44
2022-08-30T20:12:51,4.56,0.00,0.77,0.00,0.00,0.16,0.00,0.00,0.00,94.50
2022-08-30T20:12:52,4.50,0.00,0.62,0.00,0.00,0.07,0.00,0.00,0.00,94.80
2022-08-30T20:12:53,4.67,0.00,0.57,0.00,0.00,0.11,0.00,0.00,0.00,94.64
2022-08-30T20:12:54,4.72,0.00,0.45,0.00,0.00,0.01,0.00,0.00,0.00,94.82
2022-08-30T20:12:55,4.37,0.00,0.75,0.00,0.00,0.14,0.00,0.00,0.00,94.74
2022-08-30T20:12:56,4.47,0.00,0.82,0.00,0.00,0.07,0.00,0.00,0.00,94.63
2022-08-30T20:12:57,4.46,0.00,0.74,0.00,0.00,0.11,0.00,0.00,0.00,94.69
2022-08-30T20:12:58,4.64,0.00,0.73,0.00,0.00,0.04,0.00,0.00,0.00,94.60
2022-08-30T20:12:59,4.49,0.00,0.74,0.00,0.00,0.12,0.00,0.00,0.00,94.65
2022-08-30T20:13:00,4.52,0.00,0.67,0.00,0.00,0.06,0.00,0.00,0.00,94.74
2022-08-30T20:13:01,4.44,0.00,0.69,0.00,0.00,0.10,0.00,0.00,0.00,94.78
2022-08-30T20:13:02,4.54,0.00,0.69,0.00,0.00,0.03,0.00,0.00,0.00,94.75
2022-08-30T20:13:03,4.71,0.00,0.51,0.00,0.00,0.14,0.00,0.00,0.00,94.64
2022-08-30T20:13:04,4.23,0.00,1.51,0.00,0.00,0.07,0.00,0.00,0.00,94.18
2022-08-30T20:13:05,4.99,0.00,0.44,0.00,0.00,0.14,0.00,0.00,0.00,94.44
2022-08-30T20:13:06,4.32,0.00,0.96,0.00,0.00,0.05,0.00,0.00,0.00,94.67
2022-08-30T20:13:07,4.49,0.00,0.91,0.00,0.00,0.11,0.00,0.00,0.00,94.49
2022-08-30T20:13:08,4.80,0.00,0.66,0.00,0.00,0.06,0.00,0.00,0.00,94.48
2022-08-30T20:13:09,4.11,0.00,1.10,0.00,0.00,0.09,0.00,0.00,0.00,94.70
2022-08-30T20:13:10,4.85,0.00,0.69,0.00,0.00,0.06,0.00,0.00,0.00,94.40
2022-08-30T20:13:11,4.43,0.00,0.88,0.00,0.00,0.13,0.00,0.00,0.00,94.57
2022-08-30T20:13:12,4.22,0.00,1.12,0.00,0.00,0.06,0.00,0.00,0.00,94.59
2022-08-30T20:13:13,4.85,0.00,0.54,0.00,0.00,0.14,0.00,0.00,0.00,94.47
2022-08-30T20:13:14,4.21,0.00,1.06,0.00,0.00,0.04,0.00,0.00,0.00,94.69
2022-08-30T20:13:15,4.97,0.00,0.47,0.00,0.00,0.15,0.00,0.00,0.00,94.40
2022-08-30T20:13:16,4.05,0.00,1.13,0.00,0.00,0.05,0.00,0.00,0.00,94.77
2022-08-30T20:13:17,4.77,0.00,0.70,0.00,0.00,0.12,0.00,0.00,0.00,94.41
2022-08-30T20:13:18,4.74,0.00,0.68,0.00,0.00,0.03,0.00,0.00,0.00,94.56
2022-08-30T20:13:19,3.78,0.00,1.44,0.00,0.00,0.19,0.00,0.00,0.00,94.59
2022-08-30T20:13:20,4.99,0.00,0.51,0.00,0.00,0.02,0.00,0.00,0.00,94.48
2022-08-30T20:13:21,3.77,0.00,1.54,0.00,0.00,0.12,0.00,0.00,0.00,94.57
2022-08-30T20:13:22,5.06,0.00,0.52,0.00,0.00,0.04,0.00,0.00,0.00,94.38
2022-08-30T20:13:23,4.28,0.00,1.22,0.00,0.00,0.15,0.00,0.00,0.00,94.35
2022-08-30T20:13:24,5.06,0.00,0.37,0.00,0.00,0.11,0.00,0.00,0.00,94.45
2022-08-30T20:13:25,3.83,0.00,1.35,0.00,0.00,0.11,0.00,0.00,0.00,94.71
2022-08-30T20:13:26,4.77,0.00,0.72,0.00,0.00,0.01,0.00,0.00,0.00,94.49
2022-08-30T20:13:27,4.64,0.00,0.90,0.00,0.00,0.07,0.00,0.00,0.00,94.39
2022-08-30T20:13:28,4.48,0.00,0.94,0.00,0.00,0.11,0.00,0.00,0.00,94.47
2022-08-30T20:13:29,4.86,0.00,0.67,0.00,0.00,0.11,0.00,0.00,0.00,94.36
2022-08-30T20:13:30,4.14,0.00,1.12,0.00,0.00,0.06,0.00,0.00,0.00,94.67
2022-08-30T20:13:31,4.98,0.00,0.51,0.00,0.00,0.10,0.00,0.00,0.00,94.41
2022-08-30T20:13:32,4.34,0.00,0.87,0.00,0.00,0.06,0.00,0.00,0.00,94.73
2022-08-30T20:13:33,4.39,0.00,1.06,0.00,0.00,0.12,0.00,0.00,0.00,94.42
2022-08-30T20:13:34,4.57,0.00,1.16,0.00,0.00,0.13,0.00,0.00,0.00,94.15
2022-08-30T20:13:35,4.42,0.00,0.86,0.00,0.00,0.14,0.00,0.00,0.00,94.58
2022-08-30T20:13:36,4.35,0.00,0.89,0.00,0.00,0.07,0.00,0.00,0.00,94.69
2022-08-30T20:13:37,4.37,0.00,0.92,0.00,0.00,0.16,0.00,0.00,0.00,94.54
2022-08-30T20:13:38,4.81,0.00,0.70,0.00,0.00,0.04,0.00,0.00,0.00,94.45
2022-08-30T20:13:39,4.20,0.00,1.00,0.00,0.00,0.10,0.00,0.00,0.00,94.70
2022-08-30T20:13:40,4.56,0.00,0.80,0.00,0.00,0.06,0.00,0.00,0.00,94.57
2022-08-30T20:13:41,4.43,0.00,0.84,0.00,0.00,0.14,0.00,0.00,0.00,94.59
2022-08-30T20:13:42,4.57,0.00,0.89,0.00,0.00,0.05,0.00,0.00,0.00,94.49
2022-08-30T20:13:43,4.62,0.00,0.76,0.00,0.00,0.10,0.00,0.00,0.00,94.51
2022-08-30T20:13:44,4.11,0.00,1.18,0.00,0.00,0.06,0.00,0.00,0.00,94.65
2022-08-30T20:13:45,4.71,0.00,0.66,0.00,0.00,0.09,0.00,0.00,0.00,94.54
2022-08-30T20:13:46,4.14,0.00,1.12,0.00,0.00,0.04,0.00,0.00,0.00,94.70
2022-08-30T20:13:47,2.74,0.00,2.62,0.00,0.00,0.11,0.00,0.00,0.00,94.53
2022-08-30T20:13:48,3.27,0.00,2.19,0.00,0.00,0.06,0.00,0.00,0.00,94.48
2022-08-30T20:13:49,3.10,0.00,2.27,0.00,0.00,0.11,0.00,0.00,0.00,94.52
2022-08-30T20:13:50,3.08,0.00,2.47,0.00,0.00,0.07,0.00,0.00,0.00,94.37
2022-08-30T20:13:51,3.24,0.00,2.10,0.00,0.00,0.11,0.00,0.00,0.00,94.55
2022-08-30T20:13:52,3.08,0.00,2.42,0.00,0.00,0.14,0.00,0.00,0.00,94.36
2022-08-30T20:13:53,3.24,0.00,2.21,0.00,0.00,0.10,0.00,0.00,0.00,94.45
2022-08-30T20:13:54,3.32,0.00,2.11,0.00,0.00,0.07,0.00,0.00,0.00,94.49
2022-08-30T20:13:55,3.15,0.00,2.27,0.00,0.00,0.06,0.00,0.00,0.00,94.51
2022-08-30T20:13:56,3.22,0.00,2.28,0.00,0.00,0.03,0.00,0.00,0.00,94.48
2022-08-30T20:13:57,2.88,0.00,2.77,0.00,0.00,0.05,0.00,0.00,0.00,94.30
2022-08-30T20:13:58,3.29,0.00,2.18,0.00,0.00,0.01,0.00,0.00,0.00,94.52
2022-08-30T20:13:59,3.12,0.00,2.57,0.00,0.00,0.09,0.00,0.00,0.00,94.22
2022-08-30T20:14:00,3.07,0.00,2.44,0.00,0.00,0.06,0.00,0.00,0.00,94.43
2022-08-30T20:14:01,3.49,0.00,1.88,0.00,0.00,0.03,0.00,0.00,0.00,94.60
2022-08-30T20:14:02,3.37,0.00,2.29,0.00,0.00,0.17,0.00,0.00,0.00,94.17
2022-08-30T20:14:03,3.16,0.00,2.26,0.00,0.00,0.09,0.00,0.00,0.00,94.49
2022-08-30T20:14:04,3.35,0.00,2.44,0.00,0.00,0.07,0.00,0.00,0.00,94.14
2022-08-30T20:14:05,3.15,0.00,2.24,0.00,0.00,0.13,0.00,0.00,0.00,94.49
2022-08-30T20:14:06,2.96,0.00,2.35,0.00,0.00,0.11,0.00,0.00,0.00,94.58
2022-08-30T20:14:07,3.05,0.00,2.44,0.00,0.00,0.11,0.00,0.00,0.00,94.40
2022-08-30T20:14:08,3.35,0.00,2.09,0.00,0.00,0.06,0.00,0.00,0.00,94.50
2022-08-30T20:14:09,3.21,0.00,2.18,0.00,0.00,0.06,0.00,0.00,0.00,94.55
2022-08-30T20:14:10,3.18,0.00,2.26,0.01,0.00,0.16,0.00,0.00,0.00,94.38
2022-08-30T20:14:11,3.52,0.00,1.97,0.00,0.00,0.11,0.00,0.00,0.00,94.39
2022-08-30T20:14:12,3.03,0.00,2.28,0.00,0.00,0.10,0.00,0.00,0.00,94.60
2022-08-30T20:14:13,2.89,0.00,2.61,0.00,0.00,0.05,0.00,0.00,0.00,94.45
2022-08-30T20:14:14,3.35,0.00,2.06,0.00,0.00,0.09,0.00,0.00,0.00,94.50
2022-08-30T20:14:15,2.99,0.00,2.49,0.00,0.00,0.06,0.00,0.00,0.00,94.47
2022-08-30T20:14:16,3.01,0.00,2.38,0.00,0.00,0.09,0.00,0.00,0.00,94.52
2022-08-30T20:14:17,3.36,0.00,2.05,0.00,0.00,0.06,0.00,0.00,0.00,94.53
2022-08-30T20:14:18,3.60,0.00,1.79,0.00,0.00,0.10,0.00,0.00,0.00,94.51
2022-08-30T20:14:19,3.54,0.00,1.87,0.00,0.00,0.10,0.00,0.00,0.00,94.49
2022-08-30T20:14:20,3.14,0.00,2.29,0.00,0.00,0.11,0.00,0.00,0.00,94.46
2022-08-30T20:14:21,3.06,0.00,2.44,0.00,0.00,0.09,0.00,0.00,0.00,94.42
2022-08-30T20:14:22,3.05,0.00,2.35,0.00,0.00,0.11,0.00,0.00,0.00,94.49
2022-08-30T20:14:23,3.24,0.00,2.16,0.00,0.00,0.16,0.00,0.00,0.00,94.44
2022-08-30T20:14:24,3.19,0.00,2.16,0.00,0.00,0.15,0.00,0.00,0.00,94.50
2022-08-30T20:14:25,2.88,0.00,2.65,0.00,0.00,0.06,0.00,0.00,0.00,94.41
2022-08-30T20:14:26,3.12,0.00,2.30,0.00,0.00,0.06,0.00,0.00,0.00,94.52
2022-08-30T20:14:27,3.09,0.00,2.26,0.00,0.00,0.11,0.00,0.00,0.00,94.53
2022-08-30T20:14:28,3.05,0.00,2.35,0.00,0.00,0.05,0.00,0.00,0.00,94.55
2022-08-30T20:14:29,2.92,0.00,2.55,0.00,0.00,0.06,0.00,0.00,0.00,94.46
2022-08-30T20:14:30,2.92,0.00,2.55,0.00,0.00,0.15,0.00,0.00,0.00,94.38
2022-08-30T20:14:31,3.27,0.00,2.21,0.00,0.00,0.11,0.00,0.00,0.00,94.40
2022-08-30T20:14:32,3.87,0.00,1.56,0.00,0.00,0.10,0.00,0.00,0.00,94.47
2022-08-30T20:14:33,3.96,0.00,1.37,0.00,0.00,0.09,0.00,0.00,0.00,94.58
2022-08-30T20:14:34,4.11,0.00,1.46,0.00,0.00,0.10,0.00,0.00,0.00,94.33
2022-08-30T20:14:35,4.17,0.00,1.30,0.00,0.00,0.12,0.00,0.00,0.00,94.40
2022-08-30T20:14:36,4.00,0.00,1.30,0.00,0.00,0.11,0.00,0.00,0.00,94.59
2022-08-30T20:14:37,4.02,0.00,1.37,0.00,0.00,0.10,0.00,0.00,0.00,94.50
2022-08-30T20:14:38,3.95,0.00,1.23,0.00,0.00,0.06,0.00,0.00,0.00,94.76
2022-08-30T20:14:39,4.33,0.00,0.99,0.00,0.00,0.06,0.00,0.00,0.00,94.62
2022-08-30T20:14:40,4.02,0.00,1.20,0.00,0.00,0.07,0.00,0.00,0.00,94.70
2022-08-30T20:14:41,4.02,0.00,1.37,0.00,0.00,0.10,0.00,0.00,0.00,94.51
2022-08-30T20:14:42,4.32,0.00,0.95,0.00,0.00,0.04,0.00,0.00,0.00,94.70
2022-08-30T20:14:43,4.51,0.00,0.64,0.00,0.00,0.12,0.00,0.00,0.00,94.73
2022-08-30T20:14:44,4.56,0.00,0.64,0.00,0.00,0.03,0.00,0.00,0.00,94.77
2022-08-30T20:14:45,4.51,0.00,0.75,0.00,0.00,0.11,0.00,0.00,0.00,94.63
2022-08-30T20:14:46,4.47,0.00,0.77,0.00,0.00,0.05,0.00,0.00,0.00,94.70
2022-08-30T20:14:47,4.51,0.00,0.67,0.00,0.00,0.11,0.00,0.00,0.00,94.70
2022-08-30T20:14:48,4.46,0.00,0.79,0.00,0.00,0.08,0.00,0.00,0.00,94.67
2022-08-30T20:14:49,4.50,0.00,0.69,0.00,0.00,0.09,0.00,0.00,0.00,94.73
2022-08-30T20:14:50,4.46,0.00,0.74,0.00,0.00,0.07,0.00,0.00,0.00,94.73
2022-08-30T20:14:51,4.47,0.00,0.76,0.00,0.00,0.09,0.00,0.00,0.00,94.68
2022-08-30T20:14:52,4.47,0.00,0.66,0.00,0.00,0.10,0.00,0.00,0.00,94.77
2022-08-30T20:14:53,4.46,0.00,0.76,0.00,0.00,0.07,0.00,0.00,0.00,94.70
2022-08-30T20:14:54,4.67,0.00,0.75,0.00,0.00,0.06,0.00,0.00,0.00,94.51
2022-08-30T20:14:55,4.40,0.00,0.74,0.00,0.00,0.10,0.00,0.00,0.00,94.76
2022-08-30T20:14:56,4.88,0.00,0.57,0.00,0.00,0.09,0.00,0.00,0.00,94.46
2022-08-30T20:14:57,4.16,0.00,1.21,0.00,0.00,0.05,0.00,0.00,0.00,94.57
2022-08-30T20:14:58,4.71,0.00,0.61,0.00,0.00,0.08,0.00,0.00,0.00,94.60
2022-08-30T20:14:59,4.76,0.00,0.64,0.00,0.00,0.11,0.00,0.00,0.00,94.49
2022-08-30T20:15:00,4.12,0.00,1.11,0.00,0.00,0.07,0.00,0.00,0.00,94.69
2022-08-30T20:15:01,4.99,0.00,0.49,0.00,0.00,0.04,0.00,0.00,0.00,94.48
2022-08-30T20:15:02,4.11,0.00,1.24,0.00,0.00,0.10,0.00,0.00,0.00,94.56
2022-08-30T20:15:03,5.00,0.00,0.30,0.00,0.00,0.07,0.00,0.00,0.00,94.63
2022-08-30T20:15:04,4.30,0.00,1.00,0.00,0.00,0.11,0.00,0.00,0.00,94.59
2022-08-30T20:15:05,4.63,0.00,1.12,0.00,0.00,0.10,0.00,0.00,0.00,94.14
2022-08-30T20:15:06,4.92,0.00,0.57,0.00,0.00,0.10,0.00,0.00,0.00,94.41
2022-08-30T20:15:07,3.98,0.00,1.35,0.00,0.00,0.11,0.00,0.00,0.00,94.55
2022-08-30T20:15:08,5.21,0.00,0.49,0.00,0.00,0.10,0.00,0.00,0.00,94.20
2022-08-30T20:15:09,4.35,0.00,1.15,0.00,0.00,0.09,0.00,0.00,0.00,94.42
2022-08-30T20:15:10,4.66,0.00,0.73,0.00,0.00,0.10,0.00,0.00,0.00,94.51
2022-08-30T20:15:11,4.69,0.00,0.74,0.00,0.00,0.08,0.00,0.00,0.00,94.50
2022-08-30T20:15:12,4.49,0.00,0.81,0.00,0.00,0.04,0.00,0.00,0.00,94.66
2022-08-30T20:15:13,4.86,0.00,0.54,0.00,0.00,0.12,0.00,0.00,0.00,94.48
2022-08-30T20:15:14,4.24,0.00,1.01,0.00,0.00,0.07,0.00,0.00,0.00,94.68
2022-08-30T20:15:15,4.78,0.00,0.92,0.01,0.00,0.10,0.00,0.00,0.00,94.19
2022-08-30T20:15:16,4.47,0.00,0.81,0.00,0.00,0.08,0.00,0.00,0.00,94.64
2022-08-30T20:15:17,4.52,0.00,0.92,0.00,0.00,0.07,0.00,0.00,0.00,94.48
2022-08-30T20:15:18,4.44,0.00,0.84,0.00,0.00,0.17,0.00,0.00,0.00,94.54
2022-08-30T20:15:19,4.26,0.00,1.14,0.00,0.00,0.10,0.00,0.00,0.00,94.51
2022-08-30T20:15:20,5.01,0.00,0.40,0.00,0.00,0.10,0.00,0.00,0.00,94.49
2022-08-30T20:15:21,4.21,0.00,1.07,0.00,0.00,0.07,0.00,0.00,0.00,94.64
2022-08-30T20:15:22,4.77,0.00,0.60,0.00,0.00,0.07,0.00,0.00,0.00,94.56
2022-08-30T20:15:23,4.53,0.00,0.84,0.00,0.00,0.05,0.00,0.00,0.00,94.58
2022-08-30T20:15:24,4.15,0.00,1.14,0.00,0.00,0.09,0.00,0.00,0.00,94.62
2022-08-30T20:15:25,4.90,0.00,0.56,0.00,0.00,0.08,0.00,0.00,0.00,94.46
2022-08-30T20:15:26,4.12,0.00,1.06,0.00,0.00,0.07,0.00,0.00,0.00,94.74
2022-08-30T20:15:27,4.89,0.00,0.58,0.00,0.00,0.13,0.00,0.00,0.00,94.41
2022-08-30T20:15:28,4.38,0.00,1.02,0.00,0.00,0.09,0.00,0.00,0.00,94.51
2022-08-30T20:15:29,4.55,0.00,0.81,0.00,0.00,0.03,0.00,0.00,0.00,94.61
2022-08-30T20:15:30,4.34,0.00,0.95,0.00,0.00,0.06,0.00,0.00,0.00,94.65
2022-08-30T20:15:31,4.19,0.00,1.10,0.00,0.00,0.11,0.00,0.00,0.00,94.59
2022-08-30T20:15:32,4.80,0.00,0.54,0.00,0.00,0.08,0.00,0.00,0.00,94.58
2022-08-30T20:15:33,4.27,0.00,1.14,0.00,0.00,0.07,0.00,0.00,0.00,94.51
2022-08-30T20:15:34,4.97,0.00,0.40,0.00,0.00,0.09,0.00,0.00,0.00,94.54
2022-08-30T20:15:35,4.41,0.00,1.21,0.00,0.00,0.10,0.00,0.00,0.00,94.28
2022-08-30T20:15:36,4.85,0.00,0.56,0.00,0.00,0.04,0.00,0.00,0.00,94.55
2022-08-30T20:15:37,3.71,0.00,1.55,0.00,0.00,0.06,0.00,0.00,0.00,94.68
2022-08-30T20:15:38,2.98,0.00,2.41,0.00,0.00,0.14,0.00,0.00,0.00,94.47
2022-08-30T20:15:39,3.26,0.00,2.19,0.00,0.00,0.11,0.00,0.00,0.00,94.44
2022-08-30T20:15:40,3.00,0.00,2.39,0.00,0.00,0.10,0.00,0.00,0.00,94.51
2022-08-30T20:15:41,3.00,0.00,2.56,0.00,0.00,0.09,0.00,0.00,0.00,94.36
2022-08-30T20:15:42,3.27,0.00,2.16,0.00,0.00,0.10,0.00,0.00,0.00,94.46
2022-08-30T20:15:43,3.11,0.00,2.26,0.00,0.00,0.09,0.00,0.00,0.00,94.54
2022-08-30T20:15:44,3.06,0.00,2.50,0.00,0.00,0.10,0.00,0.00,0.00,94.34
2022-08-30T20:15:45,2.94,0.00,2.46,0.00,0.00,0.09,0.00,0.00,0.00,94.51
2022-08-30T20:15:46,2.99,0.00,2.47,0.00,0.00,0.05,0.00,0.00,0.00,94.49
2022-08-30T20:15:47,3.10,0.00,2.49,0.00,0.00,0.06,0.00,0.00,0.00,94.35
2022-08-30T20:15:48,2.98,0.00,2.35,0.00,0.00,0.06,0.00,0.00,0.00,94.61
2022-08-30T20:15:49,2.85,0.00,2.66,0.00,0.00,0.02,0.00,0.00,0.00,94.47
2022-08-30T20:15:50,2.99,0.00,2.35,0.00,0.00,0.06,0.00,0.00,0.00,94.60
2022-08-30T20:15:51,3.10,0.00,2.40,0.00,0.00,0.12,0.00,0.00,0.00,94.38
2022-08-30T20:15:52,3.90,0.00,1.45,0.00,0.00,0.10,0.00,0.00,0.00,94.55
2022-08-30T20:15:53,3.31,0.00,2.25,0.00,0.00,0.06,0.00,0.00,0.00,94.38
2022-08-30T20:15:54,3.26,0.00,2.15,0.00,0.00,0.03,0.00,0.00,0.00,94.56
2022-08-30T20:15:55,3.09,0.00,2.30,0.00,0.00,0.05,0.00,0.00,0.00,94.56
2022-08-30T20:15:56,3.00,0.00,2.48,0.00,0.00,0.11,0.00,0.00,0.00,94.41
2022-08-30T20:15:57,3.00,0.00,2.52,0.00,0.00,0.06,0.00,0.00,0.00,94.42
2022-08-30T20:15:58,2.89,0.00,2.42,0.00,0.00,0.12,0.00,0.00,0.00,94.56
2022-08-30T20:15:59,3.20,0.00,2.32,0.00,0.00,0.10,0.00,0.00,0.00,94.38
2022-08-30T20:16:00,3.05,0.00,2.29,0.00,0.00,0.12,0.00,0.00,0.00,94.54
2022-08-30T20:16:01,3.15,0.00,2.31,0.00,0.00,0.09,0.00,0.00,0.00,94.45
2022-08-30T20:16:02,3.21,0.00,2.13,0.00,0.00,0.09,0.00,0.00,0.00,94.57
2022-08-30T20:16:03,3.35,0.00,2.07,0.00,0.00,0.07,0.00,0.00,0.00,94.50
2022-08-30T20:16:04,3.45,0.00,1.99,0.00,0.00,0.08,0.00,0.00,0.00,94.49
2022-08-30T20:16:05,3.23,0.00,2.50,0.00,0.00,0.05,0.00,0.00,0.00,94.22
2022-08-30T20:16:06,3.12,0.00,2.50,0.00,0.00,0.10,0.00,0.00,0.00,94.28
2022-08-30T20:16:07,3.01,0.00,2.47,0.00,0.00,0.15,0.00,0.00,0.00,94.37
2022-08-30T20:16:08,3.36,0.00,2.09,0.00,0.00,0.08,0.00,0.00,0.00,94.47
2022-08-30T20:16:09,3.25,0.00,2.23,0.00,0.00,0.12,0.00,0.00,0.00,94.39
2022-08-30T20:16:10,3.23,0.00,2.33,0.00,0.00,0.09,0.00,0.00,0.00,94.35
2022-08-30T20:16:11,3.31,0.00,2.13,0.00,0.00,0.15,0.00,0.00,0.00,94.41
2022-08-30T20:16:12,2.81,0.00,2.56,0.00,0.00,0.10,0.00,0.00,0.00,94.53
2022-08-30T20:16:13,3.34,0.00,2.14,0.00,0.00,0.11,0.00,0.00,0.00,94.41
2022-08-30T20:16:14,3.49,0.00,1.90,0.00,0.00,0.10,0.00,0.00,0.00,94.51
2022-08-30T20:16:15,3.57,0.00,1.89,0.00,0.00,0.14,0.00,0.00,0.00,94.40
2022-08-30T20:16:16,2.92,0.00,2.60,0.00,0.00,0.05,0.00,0.00,0.00,94.43
2022-08-30T20:16:17,2.92,0.00,2.61,0.00,0.00,0.11,0.00,0.00,0.00,94.35
2022-08-30T20:16:18,3.00,0.00,2.39,0.00,0.00,0.05,0.00,0.00,0.00,94.56
2022-08-30T20:16:19,2.99,0.00,2.65,0.05,0.00,0.07,0.00,0.00,0.00,94.24
2022-08-30T20:16:20,2.90,0.00,2.55,0.00,0.00,0.07,0.00,0.00,0.00,94.47
2022-08-30T20:16:21,3.10,0.00,2.47,0.39,0.00,0.06,0.00,0.00,0.00,93.98
2022-08-30T20:16:22,3.75,0.00,1.74,0.00,0.00,0.06,0.00,0.00,0.00,94.45
2022-08-30T20:16:23,4.41,0.00,0.99,0.00,0.00,0.15,0.00,0.00,0.00,94.45
2022-08-30T20:16:24,4.12,0.00,1.17,0.00,0.00,0.09,0.00,0.00,0.00,94.62
2022-08-30T20:16:25,3.99,0.00,1.38,0.00,0.00,0.07,0.00,0.00,0.00,94.56
2022-08-30T20:16:26,3.96,0.00,1.16,0.00,0.00,0.07,0.00,0.00,0.00,94.80
2022-08-30T20:16:27,3.98,0.00,1.35,0.00,0.00,0.15,0.00,0.00,0.00,94.52
2022-08-30T20:16:28,3.92,0.00,1.44,0.00,0.00,0.10,0.00,0.00,0.00,94.55
2022-08-30T20:16:29,4.10,0.00,1.26,0.00,0.00,0.08,0.00,0.00,0.00,94.56
2022-08-30T20:16:30,4.31,0.00,0.94,0.00,0.00,0.08,0.00,0.00,0.00,94.67
2022-08-30T20:16:31,4.00,0.00,1.24,0.00,0.00,0.19,0.00,0.00,0.00,94.58
2022-08-30T20:16:32,3.97,0.00,1.27,0.00,0.00,0.06,0.00,0.00,0.00,94.69
2022-08-30T20:16:33,4.37,0.00,0.91,0.00,0.00,0.05,0.00,0.00,0.00,94.66
2022-08-30T20:16:34,4.57,0.00,0.67,0.00,0.00,0.06,0.00,0.00,0.00,94.69
2022-08-30T20:16:35,4.78,0.00,0.81,0.00,0.00,0.08,0.00,0.00,0.00,94.34
2022-08-30T20:16:36,4.56,0.00,0.64,0.00,0.00,0.04,0.00,0.00,0.00,94.76
2022-08-30T20:16:37,4.54,0.00,0.69,0.00,0.00,0.05,0.00,0.00,0.00,94.72
2022-08-30T20:16:38,4.45,0.00,0.71,0.00,0.00,0.11,0.00,0.00,0.00,94.73
2022-08-30T20:16:39,4.48,0.00,0.71,0.00,0.00,0.10,0.00,0.00,0.00,94.71
2022-08-30T20:16:40,4.42,0.00,0.80,0.00,0.00,0.00,0.00,0.00,0.00,94.77
2022-08-30T20:16:41,4.46,0.00,0.70,0.00,0.00,0.07,0.00,0.00,0.00,94.76
2022-08-30T20:16:42,4.45,0.00,0.74,0.00,0.00,0.07,0.00,0.00,0.00,94.74
2022-08-30T20:16:43,4.47,0.00,0.74,0.00,0.00,0.14,0.00,0.00,0.00,94.66
2022-08-30T20:16:44,4.51,0.00,0.68,0.00,0.00,0.05,0.00,0.00,0.00,94.76
2022-08-30T20:16:45,4.71,0.00,0.69,0.00,0.00,0.05,0.00,0.00,0.00,94.55
2022-08-30T20:16:46,4.20,0.00,0.99,0.00,0.00,0.09,0.00,0.00,0.00,94.73
2022-08-30T20:16:47,4.66,0.00,0.89,0.00,0.00,0.05,0.00,0.00,0.00,94.41
2022-08-30T20:16:48,4.35,0.00,0.95,0.00,0.00,0.05,0.00,0.00,0.00,94.65
2022-08-30T20:16:49,4.97,0.00,0.50,0.00,0.00,0.06,0.00,0.00,0.00,94.47
2022-08-30T20:16:50,4.17,0.00,1.12,0.00,0.00,0.09,0.00,0.00,0.00,94.62
2022-08-30T20:16:51,4.66,0.00,0.86,0.00,0.00,0.07,0.00,0.00,0.00,94.41
2022-08-30T20:16:52,4.47,0.00,0.80,0.00,0.00,0.06,0.00,0.00,0.00,94.66
2022-08-30T20:16:53,4.26,0.00,1.09,0.00,0.00,0.04,0.00,0.00,0.00,94.61
2022-08-30T20:16:54,4.69,0.00,0.87,0.00,0.00,0.10,0.00,0.00,0.00,94.33
2022-08-30T20:16:55,4.19,0.00,1.07,0.00,0.00,0.05,0.00,0.00,0.00,94.69
2022-08-30T20:16:56,4.56,0.00,0.87,0.00,0.00,0.09,0.00,0.00,0.00,94.48
2022-08-30T20:16:57,4.39,0.00,0.79,0.00,0.00,0.08,0.00,0.00,0.00,94.75
2022-08-30T20:16:58,5.02,0.00,0.61,0.00,0.00,0.10,0.00,0.00,0.00,94.27
2022-08-30T20:16:59,4.17,0.00,1.17,0.00,0.00,0.07,0.00,0.00,0.00,94.58
2022-08-30T20:17:00,5.01,0.00,0.49,0.01,0.00,0.05,0.00,0.00,0.00,94.44
2022-08-30T20:17:01,4.13,0.00,1.13,0.00,0.00,0.06,0.00,0.00,0.00,94.68
2022-08-30T20:17:02,4.32,0.00,1.02,0.00,0.00,0.05,0.00,0.00,0.00,94.60
2022-08-30T20:17:03,4.81,0.00,0.74,0.00,0.00,0.10,0.00,0.00,0.00,94.36
2022-08-30T20:17:04,3.99,0.00,1.26,0.00,0.00,0.06,0.00,0.00,0.00,94.69
2022-08-30T20:17:05,4.70,0.00,0.89,0.00,0.00,0.10,0.00,0.00,0.00,94.31
2022-08-30T20:17:06,4.68,0.00,0.70,0.00,0.00,0.06,0.00,0.00,0.00,94.56
2022-08-30T20:17:07,4.82,0.00,0.57,0.00,0.00,0.11,0.00,0.00,0.00,94.49
2022-08-30T20:17:08,4.21,0.00,0.99,0.00,0.00,0.11,0.00,0.00,0.00,94.69
2022-08-30T20:17:09,4.98,0.00,0.48,0.00,0.00,0.03,0.00,0.00,0.00,94.52
2022-08-30T20:17:10,4.36,0.00,1.00,0.00,0.00,0.07,0.00,0.00,0.00,94.56
2022-08-30T20:17:11,4.44,0.00,0.92,0.00,0.00,0.11,0.00,0.00,0.00,94.53
2022-08-30T20:17:12,4.86,0.00,0.53,0.00,0.00,0.06,0.00,0.00,0.00,94.55
2022-08-30T20:17:13,4.32,0.00,0.99,0.00,0.00,0.12,0.00,0.00,0.00,94.57
2022-08-30T20:17:14,4.36,0.00,1.02,0.00,0.00,0.14,0.00,0.00,0.00,94.48
2022-08-30T20:17:15,4.84,0.00,0.62,0.00,0.00,0.21,0.00,0.00,0.00,94.32
2022-08-30T20:17:16,3.86,0.00,1.36,0.00,0.00,0.09,0.00,0.00,0.00,94.68
2022-08-30T20:17:17,4.99,0.00,0.41,0.00,0.00,0.14,0.00,0.00,0.00,94.46
2022-08-30T20:17:18,4.22,0.00,1.11,0.00,0.00,0.07,0.00,0.00,0.00,94.59
2022-08-30T20:17:19,4.77,0.00,0.77,0.00,0.00,0.06,0.00,0.00,0.00,94.39
2022-08-30T20:17:20,4.36,0.00,0.89,0.00,0.00,0.16,0.00,0.00,0.00,94.59
2022-08-30T20:17:21,4.66,0.00,0.67,0.00,0.00,0.01,0.00,0.00,0.00,94.65
2022-08-30T20:17:22,4.45,0.00,0.87,0.00,0.00,0.11,0.00,0.00,0.00,94.56
2022-08-30T20:17:23,4.01,0.00,1.23,0.00,0.00,0.11,0.00,0.00,0.00,94.65
2022-08-30T20:17:24,4.75,0.00,0.65,0.00,0.00,0.00,0.00,0.00,0.00,94.60
2022-08-30T20:17:25,3.80,0.00,1.41,0.00,0.00,0.07,0.00,0.00,0.00,94.71
2022-08-30T20:17:26,4.93,0.00,0.43,0.00,0.00,0.09,0.00,0.00,0.00,94.56
2022-08-30T20:17:27,3.99,0.00,1.20,0.00,0.00,0.17,0.00,0.00,0.00,94.63
2022-08-30T20:17:28,4.95,0.00,0.85,0.00,0.00,0.10,0.00,0.00,0.00,94.11
2022-08-30T20:17:29,3.49,0.00,1.93,0.00,0.00,0.14,0.00,0.00,0.00,94.45
2022-08-30T20:17:30,3.09,0.00,2.60,0.00,0.00,0.01,0.00,0.00,0.00,94.30
2022-08-30T20:17:31,3.10,0.00,2.41,0.24,0.00,0.09,0.00,0.00,0.00,94.16
2022-08-30T20:17:32,2.86,0.00,2.51,0.00,0.00,0.05,0.00,0.00,0.00,94.58
2022-08-30T20:17:33,2.92,0.00,2.73,0.00,0.00,0.10,0.00,0.00,0.00,94.25
2022-08-30T20:17:34,3.18,0.00,2.24,0.00,0.00,0.10,0.00,0.00,0.00,94.49
2022-08-30T20:17:35,2.79,0.00,2.61,0.00,0.00,0.14,0.00,0.00,0.00,94.47
2022-08-30T20:17:36,3.96,0.00,1.89,0.00,0.00,0.10,0.00,0.00,0.00,94.05
2022-08-30T20:17:37,2.97,0.00,2.51,0.01,0.00,0.07,0.00,0.00,0.00,94.43
2022-08-30T20:17:38,2.78,0.00,2.54,0.00,0.00,0.06,0.00,0.00,0.00,94.62
2022-08-30T20:17:39,2.93,0.00,2.52,0.00,0.00,0.09,0.00,0.00,0.00,94.46
2022-08-30T20:17:40,2.88,0.00,2.51,0.00,0.00,0.19,0.00,0.00,0.00,94.42
2022-08-30T20:17:41,3.01,0.00,2.42,0.00,0.00,0.19,0.00,0.00,0.00,94.38
2022-08-30T20:17:42,2.92,0.00,2.54,0.00,0.00,0.31,0.00,0.00,0.00,94.23
2022-08-30T20:17:43,3.19,0.00,2.21,0.00,0.00,0.14,0.00,0.00,0.00,94.47
2022-08-30T20:17:44,3.52,0.00,1.90,0.00,0.00,0.14,0.00,0.00,0.00,94.45
2022-08-30T20:17:45,2.95,0.00,2.54,0.00,0.00,0.07,0.00,0.00,0.00,94.44
2022-08-30T20:17:46,2.97,0.00,2.45,0.00,0.00,0.07,0.00,0.00,0.00,94.50
2022-08-30T20:17:47,2.97,0.00,2.49,0.00,0.00,0.07,0.00,0.00,0.00,94.46
2022-08-30T20:17:48,2.96,0.00,2.50,0.00,0.00,0.09,0.00,0.00,0.00,94.45
2022-08-30T20:17:49,3.22,0.00,2.17,0.00,0.00,0.11,0.00,0.00,0.00,94.49
2022-08-30T20:17:50,3.06,0.00,2.50,0.00,0.00,0.05,0.00,0.00,0.00,94.39
2022-08-30T20:17:51,3.01,0.00,2.44,0.00,0.00,0.09,0.00,0.00,0.00,94.46
2022-08-30T20:17:52,3.26,0.00,2.08,0.00,0.00,0.04,0.00,0.00,0.00,94.62
2022-08-30T20:17:53,3.52,0.00,1.87,0.00,0.00,0.07,0.00,0.00,0.00,94.53
2022-08-30T20:17:54,3.10,0.00,2.35,0.00,0.00,0.05,0.00,0.00,0.00,94.50
2022-08-30T20:17:55,3.28,0.00,2.13,0.00,0.00,0.15,0.00,0.00,0.00,94.43
2022-08-30T20:17:56,3.02,0.00,2.77,0.00,0.00,0.09,0.00,0.00,0.00,94.13
2022-08-30T20:17:57,3.11,0.00,2.37,0.00,0.00,0.09,0.00,0.00,0.00,94.43
2022-08-30T20:17:58,2.99,0.00,2.46,0.00,0.00,0.10,0.00,0.00,0.00,94.45
2022-08-30T20:17:59,3.44,0.00,1.99,0.00,0.00,0.09,0.00,0.00,0.00,94.49
2022-08-30T20:18:00,3.27,0.00,2.16,0.00,0.00,0.07,0.00,0.00,0.00,94.49
2022-08-30T20:18:01,3.40,0.00,2.02,0.00,0.00,0.07,0.00,0.00,0.00,94.50
2022-08-30T20:18:02,2.91,0.00,2.59,0.00,0.00,0.01,0.00,0.00,0.00,94.49
2022-08-30T20:18:03,3.00,0.00,2.49,0.00,0.00,0.09,0.00,0.00,0.00,94.42
2022-08-30T20:18:04,3.21,0.00,2.13,0.00,0.00,0.08,0.00,0.00,0.00,94.59
2022-08-30T20:18:05,3.24,0.00,2.51,0.00,0.00,0.07,0.00,0.00,0.00,94.17
2022-08-30T20:18:06,3.26,0.00,2.54,0.00,0.00,0.04,0.00,0.00,0.00,94.16
2022-08-30T20:18:07,3.30,0.00,2.20,0.00,0.00,0.08,0.00,0.00,0.00,94.42
2022-08-30T20:18:08,3.13,0.00,2.41,0.00,0.00,0.12,0.00,0.00,0.00,94.33
2022-08-30T20:18:09,3.21,0.00,2.14,0.00,0.00,0.03,0.00,0.00,0.00,94.62
2022-08-30T20:18:10,2.97,0.00,2.42,0.00,0.00,0.09,0.00,0.00,0.00,94.53
2022-08-30T20:18:11,3.00,0.00,2.57,0.00,0.00,0.09,0.00,0.00,0.00,94.35
2022-08-30T20:18:12,2.94,0.00,2.41,0.00,0.00,0.11,0.00,0.00,0.00,94.54
2022-08-30T20:18:13,3.08,0.00,2.44,0.00,0.00,0.07,0.00,0.00,0.00,94.41
2022-08-30T20:18:14,3.53,0.00,1.93,0.00,0.00,0.06,0.00,0.00,0.00,94.49
2022-08-30T20:18:15,4.24,0.00,1.21,0.00,0.00,0.12,0.00,0.00,0.00,94.43
2022-08-30T20:18:16,3.99,0.00,1.32,0.00,0.00,0.04,0.00,0.00,0.00,94.65
2022-08-30T20:18:17,4.21,0.00,1.25,0.00,0.00,0.04,0.00,0.00,0.00,94.50
2022-08-30T20:18:18,4.30,0.00,0.92,0.00,0.00,0.09,0.00,0.00,0.00,94.69
2022-08-30T20:18:19,3.94,0.00,1.36,0.00,0.00,0.14,0.00,0.00,0.00,94.56
2022-08-30T20:18:20,4.00,0.00,1.24,0.00,0.00,0.11,0.00,0.00,0.00,94.65
2022-08-30T20:18:21,3.94,0.00,1.41,0.00,0.00,0.05,0.00,0.00,0.00,94.60
2022-08-30T20:18:22,3.95,0.00,1.29,0.00,0.00,0.10,0.00,0.00,0.00,94.66
2022-08-30T20:18:23,3.93,0.00,1.35,0.00,0.00,0.10,0.00,0.00,0.00,94.62
2022-08-30T20:18:24,4.02,0.00,1.20,0.00,0.00,0.12,0.00,0.00,0.00,94.65
2022-08-30T20:18:25,4.51,0.00,0.81,0.00,0.00,0.12,0.00,0.00,0.00,94.56
2022-08-30T20:18:26,4.49,0.00,0.69,0.00,0.00,0.09,0.00,0.00,0.00,94.74
2022-08-30T20:18:27,4.48,0.00,0.77,0.00,0.00,0.20,0.00,0.00,0.00,94.55
2022-08-30T20:18:28,4.49,0.00,0.73,0.00,0.00,0.05,0.00,0.00,0.00,94.73
2022-08-30T20:18:29,4.46,0.00,0.85,0.00,0.00,0.16,0.00,0.00,0.00,94.53
2022-08-30T20:18:30,4.47,0.00,0.75,0.00,0.00,0.11,0.00,0.00,0.00,94.67
2022-08-30T20:18:31,4.50,0.00,0.75,0.00,0.00,0.11,0.00,0.00,0.00,94.64
2022-08-30T20:18:32,4.51,0.00,0.62,0.00,0.00,0.10,0.00,0.00,0.00,94.76
2022-08-30T20:18:33,4.91,0.00,0.31,0.00,0.00,0.10,0.00,0.00,0.00,94.68
2022-08-30T20:18:34,4.49,0.00,0.85,0.00,0.00,0.10,0.00,0.00,0.00,94.56
2022-08-30T20:18:35,4.53,0.00,0.68,0.00,0.00,0.09,0.00,0.00,0.00,94.71
2022-08-30T20:18:36,4.75,0.00,0.85,0.00,0.00,0.07,0.00,0.00,0.00,94.33
2022-08-30T20:18:37,4.73,0.00,0.54,0.00,0.00,0.11,0.00,0.00,0.00,94.62
2022-08-30T20:18:38,3.86,0.00,1.38,0.00,0.00,0.06,0.00,0.00,0.00,94.70
2022-08-30T20:18:39,4.92,0.00,0.59,0.00,0.00,0.09,0.00,0.00,0.00,94.41
2022-08-30T20:18:40,4.32,0.00,1.20,0.00,0.00,0.09,0.00,0.00,0.00,94.39
2022-08-30T20:18:41,5.00,0.00,0.40,0.00,0.00,0.09,0.00,0.00,0.00,94.51
2022-08-30T20:18:42,4.29,0.00,1.04,0.00,0.00,0.09,0.00,0.00,0.00,94.59
2022-08-30T20:18:43,4.35,0.00,1.10,0.00,0.00,0.04,0.00,0.00,0.00,94.51
2022-08-30T20:18:44,4.58,0.00,0.77,0.00,0.00,0.06,0.00,0.00,0.00,94.58
2022-08-30T20:18:45,4.18,0.00,1.16,0.00,0.00,0.10,0.00,0.00,0.00,94.56
2022-08-30T20:18:46,4.88,0.00,0.51,0.00,0.00,0.04,0.00,0.00,0.00,94.57
2022-08-30T20:18:47,4.30,0.00,1.06,0.00,0.00,0.08,0.00,0.00,0.00,94.56
2022-08-30T20:18:48,4.60,0.00,0.80,0.00,0.00,0.07,0.00,0.00,0.00,94.53
2022-08-30T20:18:49,4.82,0.00,0.55,0.00,0.00,0.14,0.00,0.00,0.00,94.49
2022-08-30T20:18:50,4.12,0.00,1.09,0.00,0.00,0.12,0.00,0.00,0.00,94.67
2022-08-30T20:18:51,4.96,0.00,0.50,0.00,0.00,0.11,0.00,0.00,0.00,94.43
2022-08-30T20:18:52,3.99,0.00,1.19,0.00,0.00,0.10,0.00,0.00,0.00,94.73
2022-08-30T20:18:53,4.99,0.00,0.56,0.00,0.00,0.07,0.00,0.00,0.00,94.37
2022-08-30T20:18:54,4.20,0.00,1.07,0.00,0.00,0.07,0.00,0.00,0.00,94.65
2022-08-30T20:18:55,4.36,0.00,1.01,0.00,0.00,0.04,0.00,0.00,0.00,94.59
2022-08-30T20:18:56,4.75,0.00,0.69,0.00,0.00,0.08,0.00,0.00,0.00,94.49
2022-08-30T20:18:57,4.34,0.00,0.86,0.00,0.00,0.06,0.00,0.00,0.00,94.73
2022-08-30T20:18:58,4.95,0.00,0.55,0.00,0.00,0.07,0.00,0.00,0.00,94.43
2022-08-30T20:18:59,3.86,0.00,1.39,0.00,0.00,0.09,0.00,0.00,0.00,94.67
2022-08-30T20:19:00,4.97,0.00,0.49,0.00,0.00,0.16,0.00,0.00,0.00,94.38
2022-08-30T20:19:01,4.13,0.00,1.06,0.00,0.00,0.08,0.00,0.00,0.00,94.73
2022-08-30T20:19:02,4.69,0.00,0.70,0.00,0.00,0.11,0.00,0.00,0.00,94.50
2022-08-30T20:19:03,4.43,0.00,0.91,0.00,0.00,0.09,0.00,0.00,0.00,94.57
2022-08-30T20:19:04,4.15,0.00,1.14,0.00,0.00,0.09,0.00,0.00,0.00,94.62
2022-08-30T20:19:05,4.74,0.00,0.71,0.00,0.00,0.05,0.00,0.00,0.00,94.50
2022-08-30T20:19:06,4.55,0.00,1.27,0.00,0.00,0.14,0.00,0.00,0.00,94.04
2022-08-30T20:19:07,4.72,0.00,0.71,0.00,0.00,0.10,0.00,0.00,0.00,94.46
2022-08-30T20:19:08,4.61,0.00,0.80,0.00,0.00,0.11,0.00,0.00,0.00,94.48
2022-08-30T20:19:09,4.09,0.00,1.15,0.00,0.00,0.06,0.00,0.00,0.00,94.70
2022-08-30T20:19:10,4.46,0.00,0.90,0.00,0.00,0.09,0.00,0.00,0.00,94.55
2022-08-30T20:19:11,4.50,0.00,0.81,0.00,0.00,0.05,0.00,0.00,0.00,94.64
2022-08-30T20:19:12,4.55,0.00,0.77,0.00,0.00,0.11,0.00,0.00,0.00,94.56
2022-08-30T20:19:13,4.32,0.00,1.01,0.00,0.00,0.08,0.00,0.00,0.00,94.60
2022-08-30T20:19:14,4.98,0.00,0.54,0.00,0.00,0.10,0.00,0.00,0.00,94.38
2022-08-30T20:19:15,4.20,0.00,1.25,0.00,0.00,0.08,0.00,0.00,0.00,94.47
2022-08-30T20:19:16,4.99,0.00,0.37,0.00,0.00,0.12,0.00,0.00,0.00,94.51
2022-08-30T20:19:17,4.22,0.00,1.10,0.00,0.00,0.06,0.00,0.00,0.00,94.61
2022-08-30T20:19:18,4.97,0.00,0.50,0.00,0.00,0.08,0.00,0.00,0.00,94.45
2022-08-30T20:19:19,4.31,0.00,1.07,0.00,0.00,0.06,0.00,0.00,0.00,94.56
2022-08-30T20:19:20,4.18,0.00,1.29,0.00,0.00,0.12,0.00,0.00,0.00,94.41
2022-08-30T20:19:21,2.94,0.00,2.53,0.00,0.00,0.01,0.00,0.00,0.00,94.52
2022-08-30T20:19:22,3.15,0.00,2.35,0.00,0.00,0.05,0.00,0.00,0.00,94.45
2022-08-30T20:19:23,2.94,0.00,2.50,0.00,0.00,0.05,0.00,0.00,0.00,94.51
2022-08-30T20:19:24,2.75,0.00,2.60,0.00,0.00,0.09,0.00,0.00,0.00,94.56
2022-08-30T20:19:25,3.15,0.00,2.31,0.00,0.00,0.06,0.00,0.00,0.00,94.47
2022-08-30T20:19:26,3.18,0.00,2.20,0.00,0.00,0.05,0.00,0.00,0.00,94.57
2022-08-30T20:19:27,3.27,0.00,2.35,0.00,0.00,0.06,0.00,0.00,0.00,94.32
2022-08-30T20:19:28,3.49,0.00,2.01,0.00,0.00,0.11,0.00,0.00,0.00,94.39
2022-08-30T20:19:29,3.08,0.00,2.43,0.00,0.00,0.08,0.00,0.00,0.00,94.42
2022-08-30T20:19:30,2.97,0.00,2.59,0.00,0.00,0.07,0.00,0.00,0.00,94.36
2022-08-30T20:19:31,2.95,0.00,2.44,0.00,0.00,0.09,0.00,0.00,0.00,94.53
2022-08-30T20:19:32,2.81,0.00,2.54,0.00,0.00,0.12,0.00,0.00,0.00,94.53
2022-08-30T20:19:33,3.00,0.00,2.51,0.00,0.00,0.11,0.00,0.00,0.00,94.38
2022-08-30T20:19:34,2.96,0.00,2.40,0.00,0.00,0.12,0.00,0.00,0.00,94.51
2022-08-30T20:19:35,3.42,0.00,2.00,0.00,0.00,0.10,0.00,0.00,0.00,94.48
2022-08-30T20:19:36,3.16,0.00,2.36,0.00,0.00,0.12,0.00,0.00,0.00,94.35
2022-08-30T20:19:37,3.08,0.00,2.77,0.00,0.00,0.15,0.00,0.00,0.00,94.00
2022-08-30T20:19:38,2.96,0.00,2.46,0.00,0.00,0.12,0.00,0.00,0.00,94.46
2022-08-30T20:19:39,3.06,0.00,2.36,0.00,0.00,0.06,0.00,0.00,0.00,94.51
2022-08-30T20:19:40,3.24,0.00,2.21,0.00,0.00,0.12,0.00,0.00,0.00,94.43
2022-08-30T20:19:41,2.97,0.00,2.42,0.00,0.00,0.05,0.00,0.00,0.00,94.55
2022-08-30T20:19:42,3.45,0.00,2.06,0.00,0.00,0.11,0.00,0.00,0.00,94.38
2022-08-30T20:19:43,3.25,0.00,2.14,0.00,0.00,0.11,0.00,0.00,0.00,94.50
2022-08-30T20:19:44,2.81,0.00,2.60,0.00,0.00,0.07,0.00,0.00,0.00,94.51
2022-08-30T20:19:45,2.97,0.00,2.37,0.00,0.00,0.07,0.00,0.00,0.00,94.58
2022-08-30T20:19:46,2.92,0.00,2.44,0.00,0.00,0.17,0.00,0.00,0.00,94.47
2022-08-30T20:19:47,3.10,0.00,2.47,0.00,0.00,0.14,0.00,0.00,0.00,94.30
2022-08-30T20:19:48,3.30,0.00,2.19,0.00,0.00,0.16,0.00,0.00,0.00,94.35
2022-08-30T20:19:49,3.02,0.00,2.44,0.00,0.00,0.06,0.00,0.00,0.00,94.48
2022-08-30T20:19:50,3.23,0.00,2.51,0.00,0.00,0.09,0.00,0.00,0.00,94.17
2022-08-30T20:19:51,3.76,0.00,1.64,0.00,0.00,0.10,0.00,0.00,0.00,94.50
2022-08-30T20:19:52,3.40,0.00,2.10,0.00,0.00,0.11,0.00,0.00,0.00,94.39
2022-08-30T20:19:53,3.36,0.00,2.16,0.00,0.00,0.06,0.00,0.00,0.00,94.42
2022-08-30T20:19:54,3.13,0.00,2.49,0.00,0.00,0.12,0.00,0.00,0.00,94.26
2022-08-30T20:19:55,3.00,0.00,2.46,0.00,0.00,0.04,0.00,0.00,0.00,94.50
2022-08-30T20:19:56,2.98,0.00,2.59,0.00,0.00,0.12,0.00,0.00,0.00,94.30
2022-08-30T20:19:57,3.29,0.00,2.22,0.00,0.00,0.05,0.00,0.00,0.00,94.44
2022-08-30T20:19:58,3.50,0.00,1.84,0.00,0.00,0.09,0.00,0.00,0.00,94.57
2022-08-30T20:19:59,3.26,0.00,2.18,0.00,0.00,0.09,0.00,0.00,0.00,94.47
2022-08-30T20:20:00,3.00,0.00,2.49,0.00,0.00,0.06,0.00,0.00,0.00,94.45
2022-08-30T20:20:01,3.04,0.00,2.35,0.00,0.00,0.06,0.00,0.00,0.00,94.55
2022-08-30T20:20:02,3.20,0.00,2.29,0.00,0.00,0.11,0.00,0.00,0.00,94.40
2022-08-30T20:20:03,2.93,0.00,2.55,0.00,0.00,0.06,0.00,0.00,0.00,94.46
2022-08-30T20:20:04,3.40,0.00,2.04,0.00,0.00,0.16,0.00,0.00,0.00,94.41
2022-08-30T20:20:05,3.26,0.00,2.26,0.00,0.00,0.05,0.00,0.00,0.00,94.42
2022-08-30T20:20:06,3.78,0.00,1.70,0.00,0.00,0.14,0.00,0.00,0.00,94.39
2022-08-30T20:20:07,4.37,0.00,1.29,0.00,0.00,0.04,0.00,0.00,0.00,94.30
2022-08-30T20:20:08,3.91,0.00,1.41,0.00,0.00,0.10,0.00,0.00,0.00,94.58
2022-08-30T20:20:09,4.14,0.00,1.14,0.00,0.00,0.07,0.00,0.00,0.00,94.65
2022-08-30T20:20:10,4.04,0.00,1.25,0.00,0.00,0.07,0.00,0.00,0.00,94.64
2022-08-30T20:20:11,3.90,0.00,1.39,0.00,0.00,0.06,0.00,0.00,0.00,94.65
2022-08-30T20:20:12,3.98,0.00,1.21,0.00,0.00,0.06,0.00,0.00,0.00,94.75
2022-08-30T20:20:13,3.93,0.00,1.39,0.00,0.00,0.05,0.00,0.00,0.00,94.63
2022-08-30T20:20:14,4.00,0.00,1.21,0.00,0.00,0.19,0.00,0.00,0.00,94.61
2022-08-30T20:20:15,4.27,0.00,1.04,0.00,0.00,0.14,0.00,0.00,0.00,94.56
2022-08-30T20:20:16,4.24,0.00,1.06,0.00,0.00,0.14,0.00,0.00,0.00,94.56
2022-08-30T20:20:17,4.51,0.00,0.71,0.00,0.00,0.14,0.00,0.00,0.00,94.64
2022-08-30T20:20:18,4.46,0.00,0.80,0.00,0.00,0.12,0.00,0.00,0.00,94.61
2022-08-30T20:20:19,4.81,0.00,0.44,0.00,0.00,0.14,0.00,0.00,0.00,94.62
2022-08-30T20:20:20,4.52,0.00,0.70,0.00,0.00,0.17,0.00,0.00,0.00,94.61
2022-08-30T20:20:21,4.46,0.00,0.73,0.00,0.00,0.04,0.00,0.00,0.00,94.77
2022-08-30T20:20:22,4.46,0.00,0.76,0.00,0.00,0.05,0.00,0.00,0.00,94.73
2022-08-30T20:20:23,4.50,0.00,0.74,0.00,0.00,0.09,0.00,0.00,0.00,94.68
2022-08-30T20:20:24,4.45,0.00,0.80,0.00,0.00,0.12,0.00,0.00,0.00,94.63
2022-08-30T20:20:25,4.65,0.00,0.70,0.00,0.00,0.09,0.00,0.00,0.00,94.57
2022-08-30T20:20:26,4.50,0.00,0.70,0.00,0.00,0.10,0.00,0.00,0.00,94.70
2022-08-30T20:20:27,4.54,0.00,0.72,0.00,0.00,0.06,0.00,0.00,0.00,94.68
2022-08-30T20:20:28,4.50,0.00,0.66,0.00,0.00,0.08,0.00,0.00,0.00,94.76
2022-08-30T20:20:29,4.67,0.00,0.77,0.00,0.00,0.10,0.00,0.00,0.00,94.46
2022-08-30T20:20:30,4.60,0.00,0.66,0.00,0.00,0.08,0.00,0.00,0.00,94.66
2022-08-30T20:20:31,4.14,0.00,1.15,0.01,0.00,0.14,0.00,0.00,0.00,94.56
2022-08-30T20:20:32,5.11,0.00,0.47,0.00,0.00,0.16,0.00,0.00,0.00,94.25
2022-08-30T20:20:33,4.29,0.00,1.05,0.00,0.00,0.11,0.00,0.00,0.00,94.55
2022-08-30T20:20:34,4.35,0.00,0.97,0.00,0.00,0.14,0.00,0.00,0.00,94.54
2022-08-30T20:20:35,4.70,0.00,0.56,0.00,0.00,0.09,0.00,0.00,0.00,94.65
2022-08-30T20:20:36,4.21,0.00,1.11,0.00,0.00,0.06,0.00,0.00,0.00,94.61
2022-08-30T20:20:37,4.92,0.00,0.89,0.00,0.00,0.10,0.00,0.00,0.00,94.10
2022-08-30T20:20:38,4.58,0.00,0.66,0.00,0.00,0.08,0.00,0.00,0.00,94.68
2022-08-30T20:20:39,4.49,0.00,0.94,0.00,0.00,0.07,0.00,0.00,0.00,94.50
2022-08-30T20:20:40,4.58,0.00,0.85,0.00,0.00,0.05,0.00,0.00,0.00,94.52
2022-08-30T20:20:41,4.02,0.00,1.24,0.00,0.00,0.06,0.00,0.00,0.00,94.68
2022-08-30T20:20:42,4.94,0.00,0.57,0.00,0.00,0.17,0.00,0.00,0.00,94.31
2022-08-30T20:20:43,4.11,0.00,1.20,0.00,0.00,0.09,0.00,0.00,0.00,94.61
2022-08-30T20:20:44,4.98,0.00,0.44,0.00,0.00,0.11,0.00,0.00,0.00,94.47
2022-08-30T20:20:45,4.19,0.00,1.06,0.00,0.00,0.05,0.00,0.00,0.00,94.70
2022-08-30T20:20:46,4.57,0.00,0.86,0.00,0.00,0.12,0.00,0.00,0.00,94.44
2022-08-30T20:20:47,4.12,0.00,1.07,0.00,0.00,0.15,0.00,0.00,0.00,94.66
2022-08-30T20:20:48,5.06,0.00,0.52,0.00,0.00,0.09,0.00,0.00,0.00,94.33
2022-08-30T20:20:49,4.41,0.00,0.94,0.00,0.00,0.10,0.00,0.00,0.00,94.55
2022-08-30T20:20:50,4.25,0.00,1.05,0.00,0.00,0.14,0.00,0.00,0.00,94.57
2022-08-30T20:20:51,4.79,0.00,0.66,0.00,0.00,0.12,0.00,0.00,0.00,94.42
2022-08-30T20:20:52,4.07,0.00,1.17,0.00,0.00,0.07,0.00,0.00,0.00,94.68
2022-08-30T20:20:53,4.84,0.00,0.70,0.00,0.00,0.01,0.00,0.00,0.00,94.45
2022-08-30T20:20:54,3.92,0.00,1.27,0.00,0.00,0.14,0.00,0.00,0.00,94.67
2022-08-30T20:20:55,4.84,0.00,0.60,0.00,0.00,0.12,0.00,0.00,0.00,94.43
2022-08-30T20:20:56,4.39,0.00,0.96,0.00,0.00,0.05,0.00,0.00,0.00,94.60
2022-08-30T20:20:57,4.69,0.00,0.83,0.00,0.00,0.03,0.00,0.00,0.00,94.46
2022-08-30T20:20:58,4.35,0.00,0.85,0.00,0.00,0.16,0.00,0.00,0.00,94.64
2022-08-30T20:20:59,4.35,0.00,1.15,0.00,0.00,0.09,0.00,0.00,0.00,94.42
2022-08-30T20:21:00,4.95,0.00,0.62,0.00,0.00,0.16,0.00,0.00,0.00,94.26
2022-08-30T20:21:01,4.42,0.00,1.02,0.00,0.00,0.27,0.00,0.00,0.00,94.28
2022-08-30T20:21:02,4.83,0.00,0.60,0.00,0.00,0.14,0.00,0.00,0.00,94.43
2022-08-30T20:21:03,4.51,0.00,1.02,0.00,0.00,0.09,0.00,0.00,0.00,94.38
2022-08-30T20:21:04,4.30,0.00,1.02,0.00,0.00,0.12,0.00,0.00,0.00,94.55
2022-08-30T20:21:05,4.93,0.00,0.65,0.00,0.00,0.04,0.00,0.00,0.00,94.38
2022-08-30T20:21:06,4.31,0.00,0.96,0.00,0.00,0.10,0.00,0.00,0.00,94.63
2022-08-30T20:21:07,5.29,0.00,0.60,0.00,0.00,0.09,0.00,0.00,0.00,94.03
2022-08-30T20:21:08,4.26,0.00,1.03,0.00,0.00,0.08,0.00,0.00,0.00,94.64
2022-08-30T20:21:09,4.27,0.00,1.05,0.00,0.00,0.06,0.00,0.00,0.00,94.61
2022-08-30T20:21:10,4.80,0.00,0.62,0.00,0.00,0.16,0.00,0.00,0.00,94.42
2022-08-30T20:21:11,4.07,0.00,1.17,0.00,0.00,0.10,0.00,0.00,0.00,94.65
2022-08-30T20:21:12,2.91,0.00,2.49,0.00,0.00,0.10,0.00,0.00,0.00,94.50
2022-08-30T20:21:13,2.97,0.00,2.52,0.00,0.00,0.04,0.00,0.00,0.00,94.46
2022-08-30T20:21:14,2.72,0.00,2.81,0.00,0.00,0.06,0.00,0.00,0.00,94.40
2022-08-30T20:21:15,2.98,0.00,2.51,0.00,0.00,0.14,0.00,0.00,0.00,94.37
2022-08-30T20:21:16,3.03,0.00,2.40,0.00,0.00,0.10,0.00,0.00,0.00,94.47
2022-08-30T20:21:17,2.97,0.00,2.57,0.00,0.00,0.05,0.00,0.00,0.00,94.40
2022-08-30T20:21:18,3.46,0.00,2.02,0.00,0.00,0.09,0.00,0.00,0.00,94.43
2022-08-30T20:21:19,3.07,0.00,2.30,0.00,0.00,0.08,0.00,0.00,0.00,94.55
2022-08-30T20:21:20,3.04,0.00,2.34,0.00,0.00,0.07,0.00,0.00,0.00,94.55
2022-08-30T20:21:21,2.84,0.00,2.60,0.00,0.00,0.09,0.00,0.00,0.00,94.48
2022-08-30T20:21:22,2.95,0.00,2.51,0.00,0.00,0.12,0.00,0.00,0.00,94.42
2022-08-30T20:21:23,3.15,0.00,2.41,0.00,0.00,0.09,0.00,0.00,0.00,94.36
2022-08-30T20:21:24,2.91,0.00,2.43,0.00,0.00,0.09,0.00,0.00,0.00,94.57
2022-08-30T20:21:25,2.89,0.00,2.53,0.00,0.00,0.05,0.00,0.00,0.00,94.54
2022-08-30T20:21:26,3.51,0.00,1.92,0.00,0.00,0.12,0.00,0.00,0.00,94.44
2022-08-30T20:21:27,3.00,0.00,2.37,0.00,0.00,0.04,0.00,0.00,0.00,94.59
2022-08-30T20:21:28,3.32,0.00,2.10,0.00,0.00,0.12,0.00,0.00,0.00,94.45
2022-08-30T20:21:29,2.82,0.00,2.80,0.00,0.00,0.06,0.00,0.00,0.00,94.32
2022-08-30T20:21:30,2.80,0.00,2.64,0.00,0.00,0.10,0.00,0.00,0.00,94.47
2022-08-30T20:21:31,3.04,0.00,2.49,0.00,0.00,0.07,0.00,0.00,0.00,94.40
2022-08-30T20:21:32,3.00,0.00,2.33,0.00,0.00,0.13,0.00,0.00,0.00,94.55
2022-08-30T20:21:33,3.65,0.00,1.75,0.00,0.00,0.04,0.00,0.00,0.00,94.56
2022-08-30T20:21:34,3.75,0.00,1.80,0.00,0.00,0.13,0.00,0.00,0.00,94.32
2022-08-30T20:21:35,3.28,0.00,2.13,0.00,0.00,0.06,0.00,0.00,0.00,94.53
2022-08-30T20:21:36,3.12,0.00,2.47,0.00,0.00,0.10,0.00,0.00,0.00,94.30
2022-08-30T20:21:37,3.13,0.00,2.77,0.00,0.00,0.06,0.00,0.00,0.00,94.04
2022-08-30T20:21:38,3.37,0.00,2.15,0.00,0.00,0.12,0.00,0.00,0.00,94.36
2022-08-30T20:21:39,3.19,0.00,2.31,0.00,0.00,0.14,0.00,0.00,0.00,94.36
2022-08-30T20:21:40,3.05,0.00,2.32,0.00,0.00,0.09,0.00,0.00,0.00,94.54
2022-08-30T20:21:41,2.96,0.00,2.41,0.00,0.00,0.06,0.00,0.00,0.00,94.56
2022-08-30T20:21:42,2.76,0.00,2.69,0.00,0.00,0.16,0.00,0.00,0.00,94.39
2022-08-30T20:21:43,3.05,0.00,2.38,0.00,0.00,0.08,0.00,0.00,0.00,94.50
2022-08-30T20:21:44,2.95,0.00,2.50,0.00,0.00,0.12,0.00,0.00,0.00,94.43
2022-08-30T20:21:45,3.14,0.00,2.35,0.00,0.00,0.07,0.00,0.00,0.00,94.44
2022-08-30T20:21:46,2.96,0.00,2.36,0.00,0.00,0.09,0.00,0.00,0.00,94.59
2022-08-30T20:21:47,3.42,0.00,1.99,0.00,0.00,0.06,0.00,0.00,0.00,94.53
2022-08-30T20:21:48,3.57,0.00,1.90,0.00,0.00,0.09,0.00,0.00,0.00,94.44
2022-08-30T20:21:49,3.41,0.00,2.02,0.00,0.00,0.06,0.00,0.00,0.00,94.50
2022-08-30T20:21:50,3.32,0.00,1.97,0.00,0.00,0.11,0.00,0.00,0.00,94.59
2022-08-30T20:21:51,2.96,0.00,2.55,0.00,0.00,0.10,0.00,0.00,0.00,94.39
2022-08-30T20:21:52,3.05,0.00,2.41,0.00,0.00,0.14,0.00,0.00,0.00,94.41
2022-08-30T20:21:53,3.26,0.00,2.19,0.00,0.00,0.05,0.00,0.00,0.00,94.50
2022-08-30T20:21:54,3.05,0.00,2.21,0.00,0.00,0.11,0.00,0.00,0.00,94.63
2022-08-30T20:21:55,2.94,0.00,2.54,0.00,0.00,0.11,0.00,0.00,0.00,94.42
2022-08-30T20:21:56,3.26,0.00,2.15,0.00,0.00,0.15,0.00,0.00,0.00,94.44
2022-08-30T20:21:57,3.94,0.00,1.50,0.00,0.00,0.10,0.00,0.00,0.00,94.47
2022-08-30T20:21:58,4.07,0.00,1.21,0.00,0.00,0.14,0.00,0.00,0.00,94.58
2022-08-30T20:21:59,4.03,0.00,1.31,0.00,0.00,0.11,0.00,0.00,0.00,94.54
2022-08-30T20:22:00,4.04,0.00,1.31,0.00,0.00,0.24,0.00,0.00,0.00,94.41
2022-08-30T20:22:01,4.02,0.00,1.27,0.00,0.00,0.07,0.00,0.00,0.00,94.63
2022-08-30T20:22:02,3.98,0.00,1.27,0.00,0.00,0.16,0.00,0.00,0.00,94.58
2022-08-30T20:22:03,3.96,0.00,1.39,0.00,0.00,0.10,0.00,0.00,0.00,94.55
2022-08-30T20:22:04,4.02,0.00,1.22,0.00,0.00,0.07,0.00,0.00,0.00,94.68
2022-08-30T20:22:05,4.10,0.00,1.27,0.00,0.00,0.09,0.00,0.00,0.00,94.54
2022-08-30T20:22:06,3.99,0.00,1.34,0.00,0.00,0.14,0.00,0.00,0.00,94.53
2022-08-30T20:22:07,4.38,0.00,0.94,0.00,0.00,0.09,0.00,0.00,0.00,94.60
2022-08-30T20:22:08,4.73,0.00,0.82,0.00,0.00,0.15,0.00,0.00,0.00,94.30
2022-08-30T20:22:09,4.56,0.00,0.78,0.00,0.00,0.04,0.00,0.00,0.00,94.62
2022-08-30T20:22:10,4.85,0.00,0.29,0.00,0.00,0.09,0.00,0.00,0.00,94.77
2022-08-30T20:22:11,4.67,0.00,0.77,0.00,0.00,0.10,0.00,0.00,0.00,94.46
2022-08-30T20:22:12,4.47,0.00,0.77,0.00,0.00,0.17,0.00,0.00,0.00,94.58
2022-08-30T20:22:13,4.50,0.00,0.70,0.00,0.00,0.05,0.00,0.00,0.00,94.75
2022-08-30T20:22:14,4.64,0.00,0.74,0.00,0.00,0.13,0.00,0.00,0.00,94.50
2022-08-30T20:22:15,4.46,0.00,0.72,0.00,0.00,0.10,0.00,0.00,0.00,94.71
2022-08-30T20:22:16,4.54,0.00,0.72,0.00,0.00,0.10,0.00,0.00,0.00,94.64
2022-08-30T20:22:17,4.48,0.00,0.78,0.00,0.00,0.04,0.00,0.00,0.00,94.71
2022-08-30T20:22:18,4.46,0.00,0.70,0.00,0.00,0.10,0.00,0.00,0.00,94.74
2022-08-30T20:22:19,4.52,0.00,0.69,0.00,0.00,0.09,0.00,0.00,0.00,94.70
2022-08-30T20:22:20,4.43,0.00,0.77,0.00,0.00,0.06,0.00,0.00,0.00,94.73
2022-08-30T20:22:21,4.66,0.00,0.71,0.00,0.00,0.10,0.00,0.00,0.00,94.53
2022-08-30T20:22:22,4.20,0.00,1.03,0.00,0.00,0.11,0.00,0.00,0.00,94.66
2022-08-30T20:22:23,4.94,0.00,0.50,0.00,0.00,0.06,0.00,0.00,0.00,94.50
2022-08-30T20:22:24,4.11,0.00,1.02,0.00,0.00,0.07,0.00,0.00,0.00,94.79
2022-08-30T20:22:25,4.54,0.00,0.92,0.00,0.00,0.10,0.00,0.00,0.00,94.43
2022-08-30T20:22:26,4.43,0.00,0.86,0.00,0.00,0.09,0.00,0.00,0.00,94.62
2022-08-30T20:22:27,4.27,0.00,1.02,0.00,0.00,0.07,0.00,0.00,0.00,94.63
2022-08-30T20:22:28,4.88,0.00,0.66,0.00,0.00,0.09,0.00,0.00,0.00,94.37
2022-08-30T20:22:29,4.09,0.00,1.10,0.00,0.00,0.06,0.00,0.00,0.00,94.75
2022-08-30T20:22:30,4.94,0.00,0.69,0.00,0.00,0.10,0.00,0.00,0.00,94.27
2022-08-30T20:22:31,4.24,0.00,0.99,0.00,0.00,0.00,0.00,0.00,0.00,94.77
2022-08-30T20:22:32,4.60,0.00,0.81,0.00,0.00,0.10,0.00,0.00,0.00,94.48
2022-08-30T20:22:33,4.48,0.00,0.80,0.00,0.00,0.03,0.00,0.00,0.00,94.70
2022-08-30T20:22:34,4.26,0.00,1.07,0.00,0.00,0.07,0.00,0.00,0.00,94.59
2022-08-30T20:22:35,4.80,0.00,0.57,0.00,0.00,0.07,0.00,0.00,0.00,94.55
2022-08-30T20:22:36,4.18,0.00,1.00,0.00,0.00,0.05,0.00,0.00,0.00,94.77
2022-08-30T20:22:37,4.72,0.00,0.77,0.00,0.00,0.09,0.00,0.00,0.00,94.42
2022-08-30T20:22:38,4.43,0.00,1.10,0.00,0.00,0.11,0.00,0.00,0.00,94.36
2022-08-30T20:22:39,5.01,0.00,0.26,0.00,0.00,0.12,0.00,0.00,0.00,94.60
2022-08-30T20:22:40,4.02,0.00,1.22,0.00,0.00,0.11,0.00,0.00,0.00,94.64
2022-08-30T20:22:41,4.76,0.00,0.61,0.00,0.00,0.10,0.00,0.00,0.00,94.53
2022-08-30T20:22:42,4.53,0.00,0.89,0.00,0.00,0.09,0.00,0.00,0.00,94.49
2022-08-30T20:22:43,4.04,0.00,1.14,0.00,0.00,0.11,0.00,0.00,0.00,94.71
2022-08-30T20:22:44,5.01,0.00,0.57,0.00,0.00,0.09,0.00,0.00,0.00,94.33
2022-08-30T20:22:45,4.31,0.00,0.99,0.00,0.00,0.07,0.00,0.00,0.00,94.63
2022-08-30T20:22:46,5.11,0.00,0.59,0.00,0.00,0.05,0.00,0.00,0.00,94.25
2022-08-30T20:22:47,4.11,0.00,1.07,0.00,0.00,0.12,0.00,0.00,0.00,94.69
2022-08-30T20:22:48,4.92,0.00,0.54,0.00,0.00,0.05,0.00,0.00,0.00,94.49
2022-08-30T20:22:49,4.35,0.00,0.97,0.00,0.00,0.09,0.00,0.00,0.00,94.59
2022-08-30T20:22:50,4.45,0.00,0.79,0.00,0.00,0.08,0.00,0.00,0.00,94.69
2022-08-30T20:22:51,4.89,0.00,0.62,0.00,0.00,0.16,0.00,0.00,0.00,94.32
2022-08-30T20:22:52,4.08,0.00,1.19,0.00,0.00,0.06,0.00,0.00,0.00,94.67
2022-08-30T20:22:53,4.66,0.00,0.79,0.00,0.00,0.09,0.00,0.00,0.00,94.47
2022-08-30T20:22:54,4.11,0.00,1.11,0.00,0.00,0.10,0.00,0.00,0.00,94.68
2022-08-30T20:22:55,4.58,0.00,0.91,0.00,0.00,0.20,0.00,0.00,0.00,94.31
2022-08-30T20:22:56,4.59,0.00,0.81,0.00,0.00,0.10,0.00,0.00,0.00,94.50
2022-08-30T20:22:57,4.45,0.00,0.95,0.00,0.00,0.11,0.00,0.00,0.00,94.49
2022-08-30T20:22:58,4.78,0.00,0.59,0.00,0.00,0.08,0.00,0.00,0.00,94.56
2022-08-30T20:22:59,4.21,0.00,1.07,0.00,0.00,0.09,0.00,0.00,0.00,94.63
2022-08-30T20:23:00,5.10,0.00,0.54,0.00,0.00,0.11,0.00,0.00,0.00,94.25
2022-08-30T20:23:01,4.15,0.00,1.13,0.00,0.00,0.06,0.00,0.00,0.00,94.66
2022-08-30T20:23:02,4.34,0.00,1.09,0.00,0.00,0.11,0.00,0.00,0.00,94.46
2022-08-30T20:23:03,3.08,0.00,2.33,0.00,0.00,0.07,0.00,0.00,0.00,94.51
2022-08-30T20:23:04,2.96,0.00,2.40,0.00,0.00,0.04,0.00,0.00,0.00,94.60
2022-08-30T20:23:05,2.96,0.00,2.60,0.00,0.00,0.15,0.00,0.00,0.00,94.30
2022-08-30T20:23:06,2.95,0.00,2.43,0.00,0.00,0.09,0.00,0.00,0.00,94.54
2022-08-30T20:23:07,2.81,0.00,2.53,0.01,0.00,0.09,0.00,0.00,0.00,94.56
2022-08-30T20:23:08,3.40,0.00,2.72,0.00,0.00,0.14,0.00,0.00,0.00,93.74
2022-08-30T20:23:09,3.07,0.00,2.35,0.00,0.00,0.09,0.00,0.00,0.00,94.49
2022-08-30T20:23:10,3.52,0.00,1.92,0.00,0.00,0.06,0.00,0.00,0.00,94.49
2022-08-30T20:23:11,2.84,0.00,2.60,0.00,0.00,0.10,0.00,0.00,0.00,94.46
2022-08-30T20:23:12,3.08,0.00,2.34,0.00,0.00,0.08,0.00,0.00,0.00,94.51
2022-08-30T20:23:13,2.89,0.00,2.51,0.00,0.00,0.06,0.00,0.00,0.00,94.54
2022-08-30T20:23:14,2.99,0.00,2.52,0.00,0.00,0.10,0.00,0.00,0.00,94.39
2022-08-30T20:23:15,2.92,0.00,2.58,0.00,0.00,0.21,0.00,0.00,0.00,94.29
2022-08-30T20:23:16,2.94,0.00,2.41,0.00,0.00,0.08,0.00,0.00,0.00,94.57
2022-08-30T20:23:17,3.48,0.00,1.97,0.00,0.00,0.07,0.00,0.00,0.00,94.47
2022-08-30T20:23:18,3.13,0.00,2.27,0.00,0.00,0.10,0.00,0.00,0.00,94.49
2022-08-30T20:23:19,3.26,0.00,2.16,0.00,0.00,0.09,0.00,0.00,0.00,94.49
2022-08-30T20:23:20,3.01,0.00,2.41,0.00,0.00,0.11,0.00,0.00,0.00,94.47
2022-08-30T20:23:21,3.00,0.00,2.52,0.00,0.00,0.09,0.00,0.00,0.00,94.39
2022-08-30T20:23:22,3.19,0.00,2.32,0.00,0.00,0.07,0.00,0.00,0.00,94.41
2022-08-30T20:23:23,3.41,0.00,2.05,0.00,0.00,0.12,0.00,0.00,0.00,94.41
2022-08-30T20:23:24,3.42,0.00,1.94,0.00,0.00,0.07,0.00,0.00,0.00,94.56
2022-08-30T20:23:25,3.19,0.00,2.39,0.00,0.00,0.08,0.00,0.00,0.00,94.35
2022-08-30T20:23:26,2.97,0.00,2.49,0.00,0.00,0.10,0.00,0.00,0.00,94.44
2022-08-30T20:23:27,3.30,0.00,2.22,0.00,0.00,0.14,0.00,0.00,0.00,94.34
2022-08-30T20:23:28,2.89,0.00,2.59,0.00,0.00,0.09,0.00,0.00,0.00,94.44
2022-08-30T20:23:29,2.90,0.00,2.53,0.00,0.00,0.10,0.00,0.00,0.00,94.47
2022-08-30T20:23:30,3.09,0.00,2.46,0.00,0.00,0.09,0.00,0.00,0.00,94.36
2022-08-30T20:23:31,2.95,0.00,2.52,0.00,0.00,0.17,0.00,0.00,0.00,94.36
2022-08-30T20:23:32,3.16,0.00,2.24,0.00,0.00,0.06,0.00,0.00,0.00,94.54
2022-08-30T20:23:33,3.06,0.00,2.27,0.00,0.00,0.09,0.00,0.00,0.00,94.58
2022-08-30T20:23:34,3.39,0.00,2.06,0.00,0.00,0.04,0.00,0.00,0.00,94.51
2022-08-30T20:23:35,2.98,0.00,2.49,0.00,0.00,0.12,0.00,0.00,0.00,94.41
2022-08-30T20:23:36,3.38,0.00,2.06,0.00,0.00,0.06,0.00,0.00,0.00,94.50
2022-08-30T20:23:37,3.06,0.00,2.39,0.00,0.00,0.10,0.00,0.00,0.00,94.45
2022-08-30T20:23:38,3.41,0.00,2.43,0.00,0.00,0.05,0.00,0.00,0.00,94.12
2022-08-30T20:23:39,3.05,0.00,2.36,0.00,0.00,0.06,0.00,0.00,0.00,94.52
2022-08-30T20:23:40,2.97,0.00,2.52,0.00,0.00,0.05,0.00,0.00,0.00,94.45
2022-08-30T20:23:41,2.90,0.00,2.56,0.00,0.00,0.11,0.00,0.00,0.00,94.43
2022-08-30T20:23:42,3.14,0.00,2.37,0.00,0.00,0.12,0.00,0.00,0.00,94.36
2022-08-30T20:23:43,3.34,0.00,2.14,0.00,0.00,0.06,0.00,0.00,0.00,94.46
2022-08-30T20:23:44,3.52,0.00,1.97,0.00,0.00,0.05,0.00,0.00,0.00,94.45
2022-08-30T20:23:45,2.79,0.00,2.64,0.00,0.00,0.12,0.00,0.00,0.00,94.45
2022-08-30T20:23:46,3.36,0.00,1.99,0.00,0.00,0.13,0.00,0.00,0.00,94.52
2022-08-30T20:23:47,3.16,0.00,2.23,0.00,0.00,0.15,0.00,0.00,0.00,94.46
2022-08-30T20:23:48,3.61,0.00,1.81,0.00,0.00,0.10,0.00,0.00,0.00,94.48
2022-08-30T20:23:49,4.01,0.00,1.29,0.00,0.00,0.15,0.00,0.00,0.00,94.56
2022-08-30T20:23:50,4.02,0.00,1.25,0.00,0.00,0.07,0.00,0.00,0.00,94.65
2022-08-30T20:23:51,3.85,0.00,1.46,0.00,0.00,0.12,0.00,0.00,0.00,94.57
2022-08-30T20:23:52,4.03,0.00,1.31,0.00,0.00,0.08,0.00,0.00,0.00,94.59
2022-08-30T20:23:53,4.11,0.00,1.11,0.00,0.00,0.06,0.00,0.00,0.00,94.71
2022-08-30T20:23:54,4.07,0.00,1.19,0.00,0.00,0.10,0.00,0.00,0.00,94.64
2022-08-30T20:23:55,4.10,0.00,1.32,0.00,0.00,0.10,0.00,0.00,0.00,94.48
2022-08-30T20:23:56,4.44,0.00,0.86,0.00,0.00,0.07,0.00,0.00,0.00,94.62
2022-08-30T20:23:57,4.03,0.00,1.38,0.00,0.00,0.10,0.00,0.00,0.00,94.50
2022-08-30T20:23:58,4.23,0.00,1.05,0.00,0.00,0.09,0.00,0.00,0.00,94.64
2022-08-30T20:23:59,4.83,0.00,0.39,0.00,0.00,0.15,0.00,0.00,0.00,94.63
2022-08-30T20:24:00,4.69,0.00,0.77,0.00,0.00,0.09,0.00,0.00,0.00,94.45
2022-08-30T20:24:01,4.47,0.00,0.71,0.00,0.00,0.11,0.00,0.00,0.00,94.70
2022-08-30T20:24:02,4.56,0.00,0.60,0.00,0.00,0.10,0.00,0.00,0.00,94.74
2022-08-30T20:24:03,4.52,0.00,0.65,0.00,0.00,0.14,0.00,0.00,0.00,94.69
2022-08-30T20:24:04,4.47,0.00,0.69,0.00,0.00,0.11,0.00,0.00,0.00,94.73
2022-08-30T20:24:05,4.56,0.00,0.74,0.00,0.00,0.05,0.00,0.00,0.00,94.65
2022-08-30T20:24:06,4.53,0.00,0.65,0.00,0.00,0.10,0.00,0.00,0.00,94.72
2022-08-30T20:24:07,4.84,0.00,0.29,0.00,0.00,0.10,0.00,0.00,0.00,94.78
2022-08-30T20:24:08,4.71,0.00,0.97,0.00,0.00,0.10,0.00,0.00,0.00,94.21
2022-08-30T20:24:09,4.49,0.00,0.72,0.00,0.00,0.05,0.00,0.00,0.00,94.74
2022-08-30T20:24:10,4.48,0.00,0.76,0.00,0.00,0.12,0.00,0.00,0.00,94.63
2022-08-30T20:24:11,4.55,0.00,0.70,0.00,0.00,0.15,0.00,0.00,0.00,94.60
2022-08-30T20:24:12,4.36,0.00,0.96,0.00,0.00,0.10,0.00,0.00,0.00,94.58
2022-08-30T20:24:13,4.58,0.00,0.66,0.00,0.00,0.22,0.00,0.00,0.00,94.53
2022-08-30T20:24:14,4.64,0.00,0.65,0.00,0.00,0.05,0.00,0.00,0.00,94.66
2022-08-30T20:24:15,4.33,0.00,0.90,0.00,0.00,0.30,0.00,0.00,0.00,94.47
2022-08-30T20:24:16,4.78,0.00,0.65,0.00,0.00,0.12,0.00,0.00,0.00,94.44
2022-08-30T20:24:17,4.30,0.00,0.85,0.00,0.00,0.10,0.00,0.00,0.00,94.75
2022-08-30T20:24:18,4.95,0.00,0.57,0.00,0.00,0.10,0.00,0.00,0.00,94.38
2022-08-30T20:24:19,3.95,0.00,1.26,0.00,0.00,0.06,0.00,0.00,0.00,94.73
2022-08-30T20:24:20,4.95,0.00,0.54,0.00,0.00,0.07,0.00,0.00,0.00,94.44
2022-08-30T20:24:21,4.13,0.00,1.10,0.00,0.00,0.06,0.00,0.00,0.00,94.70
2022-08-30T20:24:22,5.01,0.00,0.59,0.00,0.00,0.09,0.00,0.00,0.00,94.32
2022-08-30T20:24:23,4.25,0.00,1.06,0.00,0.00,0.09,0.00,0.00,0.00,94.60
2022-08-30T20:24:24,4.39,0.00,0.81,0.00,0.00,0.08,0.00,0.00,0.00,94.72
2022-08-30T20:24:25,4.61,0.00,0.76,0.00,0.00,0.10,0.00,0.00,0.00,94.52
2022-08-30T20:24:26,4.30,0.00,0.89,0.00,0.00,0.03,0.00,0.00,0.00,94.79
2022-08-30T20:24:27,4.95,0.00,0.45,0.00,0.00,0.09,0.00,0.00,0.00,94.51
2022-08-30T20:24:28,4.13,0.00,1.06,0.00,0.00,0.03,0.00,0.00,0.00,94.78
2022-08-30T20:24:29,4.72,0.00,0.69,0.00,0.00,0.08,0.00,0.00,0.00,94.52
2022-08-30T20:24:30,4.36,0.00,0.99,0.00,0.00,0.21,0.00,0.00,0.00,94.44
2022-08-30T20:24:31,4.65,0.00,0.79,0.00,0.00,0.10,0.00,0.00,0.00,94.46
2022-08-30T20:24:32,4.61,0.00,0.80,0.00,0.00,0.08,0.00,0.00,0.00,94.51
2022-08-30T20:24:33,4.60,0.00,0.69,0.00,0.00,0.06,0.00,0.00,0.00,94.65
2022-08-30T20:24:34,4.60,0.00,0.86,0.00,0.00,0.09,0.00,0.00,0.00,94.45
2022-08-30T20:24:35,4.55,0.00,0.90,0.00,0.00,0.08,0.00,0.00,0.00,94.47
2022-08-30T20:24:36,4.85,0.00,0.50,0.00,0.00,0.09,0.00,0.00,0.00,94.56
2022-08-30T20:24:37,4.20,0.00,1.01,0.00,0.00,0.11,0.00,0.00,0.00,94.68
2022-08-30T20:24:38,4.87,0.00,0.56,0.00,0.00,0.07,0.00,0.00,0.00,94.49
2022-08-30T20:24:39,4.52,0.00,1.07,0.00,0.00,0.17,0.00,0.00,0.00,94.23
2022-08-30T20:24:40,4.69,0.00,0.86,0.00,0.00,0.06,0.00,0.00,0.00,94.39
2022-08-30T20:24:41,4.72,0.00,0.69,0.00,0.00,0.12,0.00,0.00,0.00,94.47
2022-08-30T20:24:42,3.87,0.00,1.32,0.01,0.00,0.06,0.00,0.00,0.00,94.73
2022-08-30T20:24:43,5.04,0.00,0.39,0.00,0.00,0.12,0.00,0.00,0.00,94.45
2022-08-30T20:24:44,3.71,0.00,1.44,0.00,0.00,0.06,0.00,0.00,0.00,94.78
2022-08-30T20:24:45,4.96,0.00,0.44,0.00,0.00,0.15,0.00,0.00,0.00,94.45
2022-08-30T20:24:46,4.08,0.00,1.14,0.00,0.00,0.09,0.00,0.00,0.00,94.70
2022-08-30T20:24:47,4.66,0.00,0.79,0.00,0.00,0.14,0.00,0.00,0.00,94.41
2022-08-30T20:24:48,4.63,0.00,0.78,0.00,0.00,0.03,0.00,0.00,0.00,94.57
2022-08-30T20:24:49,4.34,0.00,0.90,0.00,0.00,0.14,0.00,0.00,0.00,94.63
2022-08-30T20:24:50,4.79,0.00,0.51,0.00,0.00,0.06,0.00,0.00,0.00,94.64
2022-08-30T20:24:51,4.11,0.00,1.10,0.00,0.00,0.10,0.00,0.00,0.00,94.69
2022-08-30T20:24:52,4.95,0.00,0.52,0.00,0.00,0.09,0.00,0.00,0.00,94.44
2022-08-30T20:24:53,4.39,0.00,1.01,0.00,0.00,0.07,0.00,0.00,0.00,94.52
2022-08-30T20:24:54,3.87,0.00,1.51,0.00,0.00,0.10,0.00,0.00,0.00,94.52
2022-08-30T20:24:55,3.00,0.00,2.52,0.00,0.00,0.15,0.00,0.00,0.00,94.33
2022-08-30T20:24:56,2.99,0.00,2.36,0.00,0.00,0.09,0.00,0.00,0.00,94.56
2022-08-30T20:24:57,3.02,0.00,2.50,0.00,0.00,0.11,0.00,0.00,0.00,94.37
2022-08-30T20:24:58,2.87,0.00,2.59,0.00,0.00,0.06,0.00,0.00,0.00,94.48
2022-08-30T20:24:59,3.27,0.00,2.27,0.00,0.00,0.17,0.00,0.00,0.00,94.29
2022-08-30T20:25:00,3.03,0.00,2.38,0.00,0.00,0.08,0.00,0.00,0.00,94.52
2022-08-30T20:25:01,3.26,0.00,2.27,0.00,0.00,0.12,0.00,0.00,0.00,94.34
2022-08-30T20:25:02,3.03,0.00,2.43,0.00,0.00,0.04,0.00,0.00,0.00,94.51
2022-08-30T20:25:03,3.17,0.00,2.30,0.00,0.00,0.17,0.00,0.00,0.00,94.36
2022-08-30T20:25:04,3.21,0.00,2.24,0.00,0.00,0.06,0.00,0.00,0.00,94.49
2022-08-30T20:25:05,2.99,0.00,2.57,0.00,0.00,0.12,0.00,0.00,0.00,94.32
2022-08-30T20:25:06,3.23,0.00,2.38,0.00,0.00,0.07,0.00,0.00,0.00,94.31
2022-08-30T20:25:07,3.41,0.00,2.12,0.00,0.00,0.14,0.00,0.00,0.00,94.33
2022-08-30T20:25:08,2.99,0.00,2.47,0.00,0.00,0.05,0.00,0.00,0.00,94.49
2022-08-30T20:25:09,3.61,0.00,2.20,0.00,0.00,0.10,0.00,0.00,0.00,94.09
2022-08-30T20:25:10,3.19,0.00,2.45,0.00,0.00,0.05,0.00,0.00,0.00,94.31
2022-08-30T20:25:11,3.47,0.00,1.95,0.00,0.00,0.15,0.00,0.00,0.00,94.43
2022-08-30T20:25:12,3.03,0.00,2.30,0.00,0.00,0.04,0.00,0.00,0.00,94.63
2022-08-30T20:25:13,2.87,0.00,2.51,0.00,0.00,0.14,0.00,0.00,0.00,94.48
2022-08-30T20:25:14,2.99,0.00,2.41,0.00,0.00,0.07,0.00,0.00,0.00,94.53
2022-08-30T20:25:15,3.02,0.00,2.32,0.00,0.00,0.19,0.00,0.00,0.00,94.47
2022-08-30T20:25:16,3.17,0.00,2.28,0.00,0.00,0.10,0.00,0.00,0.00,94.44
2022-08-30T20:25:17,3.21,0.00,2.22,0.00,0.00,0.15,0.00,0.00,0.00,94.42
2022-08-30T20:25:18,2.90,0.00,2.56,0.01,0.00,0.05,0.00,0.00,0.00,94.48
2022-08-30T20:25:19,2.85,0.00,2.63,0.00,0.00,0.14,0.00,0.00,0.00,94.38
2022-08-30T20:25:20,2.80,0.00,2.66,0.00,0.00,0.05,0.00,0.00,0.00,94.49
2022-08-30T20:25:21,3.07,0.00,2.34,0.00,0.00,0.12,0.00,0.00,0.00,94.47
2022-08-30T20:25:22,3.16,0.00,2.36,0.00,0.00,0.02,0.00,0.00,0.00,94.45
2022-08-30T20:25:23,2.85,0.00,2.66,0.00,0.00,0.12,0.00,0.00,0.00,94.37
2022-08-30T20:25:24,2.99,0.00,2.46,0.00,0.00,0.04,0.00,0.00,0.00,94.51
2022-08-30T20:25:25,3.38,0.00,2.04,0.00,0.00,0.10,0.00,0.00,0.00,94.48
2022-08-30T20:25:26,3.55,0.00,1.79,0.00,0.00,0.14,0.00,0.00,0.00,94.52
2022-08-30T20:25:27,3.25,0.00,2.14,0.00,0.00,0.14,0.00,0.00,0.00,94.48
2022-08-30T20:25:28,3.00,0.00,2.65,0.00,0.00,0.06,0.00,0.00,0.00,94.29
2022-08-30T20:25:29,3.12,0.00,2.17,0.00,0.00,0.16,0.00,0.00,0.00,94.54
2022-08-30T20:25:30,3.25,0.00,2.33,0.00,0.00,0.12,0.00,0.00,0.00,94.30
2022-08-30T20:25:31,3.31,0.00,2.19,0.00,0.00,0.12,0.00,0.00,0.00,94.38
2022-08-30T20:25:32,3.16,0.00,2.28,0.00,0.00,0.10,0.00,0.00,0.00,94.46
2022-08-30T20:25:33,3.03,0.00,2.38,0.00,0.00,0.09,0.00,0.00,0.00,94.51
2022-08-30T20:25:34,2.92,0.00,2.53,0.00,0.00,0.11,0.00,0.00,0.00,94.43
2022-08-30T20:25:35,3.43,0.00,1.91,0.00,0.00,0.16,0.00,0.00,0.00,94.49
2022-08-30T20:25:36,3.11,0.00,2.36,0.00,0.00,0.10,0.00,0.00,0.00,94.43
2022-08-30T20:25:37,3.24,0.00,2.15,0.00,0.00,0.11,0.00,0.00,0.00,94.50
2022-08-30T20:25:38,3.44,0.00,2.05,0.00,0.00,0.09,0.00,0.00,0.00,94.43
2022-08-30T20:25:39,3.80,0.00,1.96,0.00,0.00,0.14,0.00,0.00,0.00,94.10
2022-08-30T20:25:40,3.95,0.00,1.57,0.00,0.00,0.11,0.00,0.00,0.00,94.36
2022-08-30T20:25:41,3.99,0.00,1.29,0.00,0.00,0.04,0.00,0.00,0.00,94.69
2022-08-30T20:25:42,4.15,0.00,1.34,0.00,0.00,0.05,0.00,0.00,0.00,94.47
2022-08-30T20:25:43,4.03,0.00,1.24,0.00,0.00,0.14,0.00,0.00,0.00,94.59
2022-08-30T20:25:44,4.10,0.00,1.46,0.00,0.00,0.09,0.00,0.00,0.00,94.35
2022-08-30T20:25:45,3.96,0.00,1.49,0.00,0.00,0.11,0.00,0.00,0.00,94.44
2022-08-30T20:25:46,3.91,0.00,1.40,0.00,0.00,0.10,0.00,0.00,0.00,94.59
2022-08-30T20:25:47,4.17,0.00,1.11,0.00,0.00,0.12,0.00,0.00,0.00,94.59
2022-08-30T20:25:48,4.52,0.00,1.04,0.00,0.00,0.05,0.00,0.00,0.00,94.39
2022-08-30T20:25:49,4.01,0.00,1.34,0.00,0.00,0.14,0.00,0.00,0.00,94.52
2022-08-30T20:25:50,4.28,0.00,0.96,0.00,0.00,0.09,0.00,0.00,0.00,94.67
2022-08-30T20:25:51,4.59,0.00,0.68,0.00,0.00,0.09,0.00,0.00,0.00,94.65
2022-08-30T20:25:52,4.53,0.00,0.74,0.00,0.00,0.07,0.00,0.00,0.00,94.65
2022-08-30T20:25:53,4.53,0.00,0.65,0.00,0.00,0.05,0.00,0.00,0.00,94.77
2022-08-30T20:25:54,4.51,0.00,0.69,0.00,0.00,0.11,0.00,0.00,0.00,94.69
2022-08-30T20:25:55,4.88,0.00,0.37,0.00,0.00,0.12,0.00,0.00,0.00,94.62
2022-08-30T20:25:56,4.48,0.00,0.65,0.00,0.00,0.06,0.00,0.00,0.00,94.81
2022-08-30T20:25:57,4.44,0.00,0.84,0.00,0.00,0.11,0.00,0.00,0.00,94.61
2022-08-30T20:25:58,4.56,0.00,0.61,0.00,0.00,0.05,0.00,0.00,0.00,94.78
2022-08-30T20:25:59,4.47,0.00,0.69,0.00,0.00,0.12,0.00,0.00,0.00,94.72
2022-08-30T20:26:00,4.54,0.00,0.66,0.00,0.00,0.19,0.00,0.00,0.00,94.61
2022-08-30T20:26:01,4.52,0.00,0.89,0.00,0.00,0.11,0.00,0.00,0.00,94.48
2022-08-30T20:26:02,4.57,0.00,0.61,0.00,0.00,0.07,0.00,0.00,0.00,94.74
2022-08-30T20:26:03,4.26,0.00,0.96,0.00,0.00,0.11,0.00,0.00,0.00,94.66
2022-08-30T20:26:04,4.64,0.00,0.64,0.00,0.00,0.10,0.00,0.00,0.00,94.63
2022-08-30T20:26:05,4.24,0.00,0.94,0.00,0.00,0.08,0.00,0.00,0.00,94.75
2022-08-30T20:26:06,4.88,0.00,0.58,0.00,0.00,0.11,0.00,0.00,0.00,94.44
2022-08-30T20:26:07,3.81,0.00,1.40,0.00,0.00,0.09,0.00,0.00,0.00,94.70
2022-08-30T20:26:08,5.15,0.00,0.54,0.00,0.00,0.11,0.00,0.00,0.00,94.20
2022-08-30T20:26:09,4.26,0.00,1.35,0.00,0.00,0.06,0.00,0.00,0.00,94.32
2022-08-30T20:26:10,4.53,0.00,0.92,0.00,0.00,0.11,0.00,0.00,0.00,94.43
2022-08-30T20:26:11,4.48,0.00,0.86,0.00,0.00,0.10,0.00,0.00,0.00,94.56
2022-08-30T20:26:12,4.05,0.00,1.31,0.00,0.00,0.11,0.00,0.00,0.00,94.53
2022-08-30T20:26:13,4.81,0.00,0.51,0.00,0.00,0.11,0.00,0.00,0.00,94.57
2022-08-30T20:26:14,4.20,0.00,1.05,0.00,0.00,0.10,0.00,0.00,0.00,94.65
2022-08-30T20:26:15,5.02,0.00,0.44,0.00,0.00,0.10,0.00,0.00,0.00,94.44
2022-08-30T20:26:16,4.29,0.00,0.99,0.00,0.00,0.07,0.00,0.00,0.00,94.65
2022-08-30T20:26:17,4.45,0.00,1.20,0.00,0.00,0.06,0.00,0.00,0.00,94.29
2022-08-30T20:26:18,4.85,0.00,0.69,0.00,0.00,0.09,0.00,0.00,0.00,94.38
2022-08-30T20:26:19,4.08,0.00,1.10,0.00,0.00,0.16,0.00,0.00,0.00,94.66
2022-08-30T20:26:20,4.59,0.00,1.00,0.00,0.00,0.05,0.00,0.00,0.00,94.36
2022-08-30T20:26:21,4.42,0.00,0.94,0.00,0.00,0.10,0.00,0.00,0.00,94.54
2022-08-30T20:26:22,4.21,0.00,1.21,0.00,0.00,0.10,0.00,0.00,0.00,94.48
2022-08-30T20:26:23,4.42,0.00,0.91,0.00,0.00,0.10,0.00,0.00,0.00,94.57
2022-08-30T20:26:24,4.52,0.00,0.70,0.00,0.00,0.09,0.00,0.00,0.00,94.69
2022-08-30T20:26:25,4.68,0.00,0.68,0.00,0.00,0.05,0.00,0.00,0.00,94.59
2022-08-30T20:26:26,3.93,0.00,1.41,0.00,0.00,0.07,0.00,0.00,0.00,94.58
2022-08-30T20:26:27,4.96,0.00,0.45,0.00,0.00,0.11,0.00,0.00,0.00,94.47
2022-08-30T20:26:28,4.05,0.00,1.19,0.00,0.00,0.07,0.00,0.00,0.00,94.69
2022-08-30T20:26:29,5.01,0.00,0.26,0.00,0.00,0.09,0.00,0.00,0.00,94.64
2022-08-30T20:26:30,3.97,0.00,1.31,0.00,0.00,0.22,0.00,0.00,0.00,94.50
2022-08-30T20:26:31,4.65,0.00,0.80,0.00,0.00,0.14,0.00,0.00,0.00,94.41
2022-08-30T20:26:32,4.38,0.00,0.92,0.00,0.00,0.10,0.00,0.00,0.00,94.60
2022-08-30T20:26:33,4.32,0.00,1.06,0.00,0.00,0.07,0.00,0.00,0.00,94.54
2022-08-30T20:26:34,4.31,0.00,0.95,0.00,0.00,0.09,0.00,0.00,0.00,94.65
2022-08-30T20:26:35,4.90,0.00,0.52,0.00,0.00,0.10,0.00,0.00,0.00,94.47
2022-08-30T20:26:36,4.44,0.00,0.88,0.00,0.00,0.06,0.00,0.00,0.00,94.62
2022-08-30T20:26:37,4.27,0.00,1.02,0.00,0.00,0.11,0.00,0.00,0.00,94.59
2022-08-30T20:26:38,4.72,0.00,0.79,0.00,0.00,0.11,0.00,0.00,0.00,94.38
2022-08-30T20:26:39,4.41,0.00,0.99,0.00,0.00,0.15,0.00,0.00,0.00,94.46
2022-08-30T20:26:40,5.11,0.00,0.64,0.00,0.00,0.12,0.00,0.00,0.00,94.13
2022-08-30T20:26:41,4.19,0.00,1.02,0.00,0.00,0.09,0.00,0.00,0.00,94.70
2022-08-30T20:26:42,4.94,0.00,0.25,0.00,0.00,0.06,0.00,0.00,0.00,94.75
2022-08-30T20:26:43,4.12,0.00,1.09,0.00,0.00,0.09,0.00,0.00,0.00,94.70
2022-08-30T20:26:44,4.95,0.00,0.54,0.00,0.00,0.07,0.00,0.00,0.00,94.44
2022-08-30T20:26:45,4.31,0.00,1.05,0.00,0.00,0.09,0.00,0.00,0.00,94.55
2022-08-30T20:26:46,3.93,0.00,1.51,0.00,0.00,0.06,0.00,0.00,0.00,94.50
2022-08-30T20:26:47,3.01,0.00,2.38,0.00,0.00,0.16,0.00,0.00,0.00,94.44
2022-08-30T20:26:48,2.88,0.00,2.55,0.00,0.00,0.22,0.00,0.00,0.00,94.34
2022-08-30T20:26:49,2.91,0.00,2.54,0.00,0.00,0.60,0.00,0.00,0.00,93.96
2022-08-30T20:26:50,3.14,0.00,2.24,0.00,0.00,0.51,0.00,0.00,0.00,94.12
2022-08-30T20:26:51,3.27,0.00,2.16,0.00,0.00,0.56,0.00,0.00,0.00,94.01
2022-08-30T20:26:52,3.18,0.00,2.47,0.00,0.00,0.42,0.00,0.00,0.00,93.93
2022-08-30T20:26:53,3.30,0.00,2.05,0.00,0.00,0.58,0.00,0.00,0.00,94.07
2022-08-30T20:26:54,3.23,0.00,2.22,0.00,0.00,0.20,0.00,0.00,0.00,94.35
2022-08-30T20:26:55,3.02,0.00,2.38,0.00,0.00,0.61,0.00,0.00,0.00,93.99
2022-08-30T20:26:56,3.08,0.00,2.36,0.00,0.00,0.22,0.00,0.00,0.00,94.34
2022-08-30T20:26:57,2.93,0.00,2.44,0.00,0.00,0.51,0.00,0.00,0.00,94.12
2022-08-30T20:26:58,3.10,0.00,2.49,0.00,0.00,0.36,0.00,0.00,0.00,94.05
2022-08-30T20:26:59,2.92,0.00,2.43,0.00,0.00,0.34,0.00,0.00,0.00,94.31
2022-08-30T20:27:00,3.05,0.00,2.51,0.00,0.00,0.26,0.00,0.00,0.00,94.18
2022-08-30T20:27:01,3.29,0.00,2.12,0.00,0.00,0.12,0.00,0.00,0.00,94.47
2022-08-30T20:27:02,3.20,0.00,2.16,0.00,0.00,0.10,0.00,0.00,0.00,94.54
2022-08-30T20:27:03,3.36,0.00,2.08,0.00,0.00,0.15,0.00,0.00,0.00,94.41
2022-08-30T20:27:04,3.35,0.00,2.05,0.00,0.00,0.15,0.00,0.00,0.00,94.46
2022-08-30T20:27:05,2.96,0.00,2.46,0.00,0.00,0.17,0.00,0.00,0.00,94.41
2022-08-30T20:27:06,2.84,0.00,2.62,0.00,0.00,0.21,0.00,0.00,0.00,94.32
2022-08-30T20:27:07,2.87,0.00,2.55,0.00,0.00,0.11,0.00,0.00,0.00,94.46
2022-08-30T20:27:08,3.53,0.00,1.86,0.00,0.00,0.11,0.00,0.00,0.00,94.49
2022-08-30T20:27:09,3.16,0.00,2.34,0.00,0.00,0.02,0.00,0.00,0.00,94.48
2022-08-30T20:27:10,3.57,0.00,2.22,0.00,0.00,0.14,0.00,0.00,0.00,94.07
2022-08-30T20:27:11,3.24,0.00,2.18,0.00,0.00,0.24,0.00,0.00,0.00,94.34
2022-08-30T20:27:12,3.00,0.00,2.47,0.00,0.00,0.07,0.00,0.00,0.00,94.46
2022-08-30T20:27:13,2.75,0.00,2.63,0.00,0.00,0.06,0.00,0.00,0.00,94.56
2022-08-30T20:27:14,3.34,0.00,2.11,0.00,0.00,0.10,0.00,0.00,0.00,94.45
2022-08-30T20:27:15,3.18,0.00,2.31,0.00,0.00,0.14,0.00,0.00,0.00,94.37
2022-08-30T20:27:16,2.91,0.00,2.64,0.00,0.00,0.03,0.00,0.00,0.00,94.42
2022-08-30T20:27:17,3.31,0.00,2.03,0.00,0.00,0.06,0.00,0.00,0.00,94.60
2022-08-30T20:27:18,2.98,0.00,2.48,0.00,0.00,0.05,0.00,0.00,0.00,94.50
2022-08-30T20:27:19,2.73,0.00,2.72,0.00,0.00,0.11,0.00,0.00,0.00,94.43
2022-08-30T20:27:20,2.98,0.00,2.48,0.00,0.00,0.00,0.00,0.00,0.00,94.55
2022-08-30T20:27:21,3.04,0.00,2.44,0.00,0.00,0.01,0.00,0.00,0.00,94.52
2022-08-30T20:27:22,2.87,0.00,2.46,0.00,0.00,0.09,0.00,0.00,0.00,94.58
2022-08-30T20:27:23,3.38,0.00,2.16,0.00,0.00,0.11,0.00,0.00,0.00,94.35
2022-08-30T20:27:24,3.12,0.00,2.26,0.00,0.00,0.14,0.00,0.00,0.00,94.48
2022-08-30T20:27:25,3.00,0.00,2.50,0.00,0.00,0.07,0.00,0.00,0.00,94.43
2022-08-30T20:27:26,3.05,0.00,2.46,0.00,0.00,0.09,0.00,0.00,0.00,94.40
2022-08-30T20:27:27,3.31,0.00,2.12,0.00,0.00,0.07,0.00,0.00,0.00,94.49
2022-08-30T20:27:28,3.01,0.00,2.69,0.00,0.00,0.04,0.00,0.00,0.00,94.26
2022-08-30T20:27:29,3.01,0.00,2.48,0.00,0.00,0.07,0.00,0.00,0.00,94.44
2022-08-30T20:27:30,3.38,0.00,2.02,0.00,0.00,0.35,0.00,0.00,0.00,94.25
2022-08-30T20:27:31,3.49,0.00,2.13,0.00,0.00,0.11,0.00,0.00,0.00,94.26
2022-08-30T20:27:32,3.87,0.00,1.52,0.00,0.00,0.12,0.00,0.00,0.00,94.48
2022-08-30T20:27:33,4.03,0.00,1.37,0.00,0.00,0.25,0.00,0.00,0.00,94.35
2022-08-30T20:27:34,3.96,0.00,1.34,0.00,0.00,0.11,0.00,0.00,0.00,94.59
2022-08-30T20:27:35,3.92,0.00,1.36,0.00,0.00,0.42,0.00,0.00,0.00,94.30
2022-08-30T20:27:36,3.96,0.00,1.31,0.00,0.00,0.47,0.00,0.00,0.00,94.26
2022-08-30T20:27:37,4.09,0.00,1.22,0.00,0.00,0.27,0.00,0.00,0.00,94.41
2022-08-30T20:27:38,4.05,0.00,1.34,0.00,0.00,0.10,0.00,0.00,0.00,94.52
2022-08-30T20:27:39,4.26,0.00,0.95,0.00,0.00,0.14,0.00,0.00,0.00,94.65
2022-08-30T20:27:40,4.79,0.00,0.90,0.00,0.00,0.27,0.00,0.00,0.00,94.03
2022-08-30T20:27:41,4.05,0.00,1.38,0.00,0.00,0.46,0.00,0.00,0.00,94.10
2022-08-30T20:27:42,4.24,0.00,0.97,0.00,0.00,0.22,0.00,0.00,0.00,94.56
2022-08-30T20:27:43,4.41,0.00,0.82,0.00,0.00,0.44,0.00,0.00,0.00,94.33
2022-08-30T20:27:44,4.49,0.00,0.71,0.01,0.00,0.49,0.00,0.00,0.00,94.30
2022-08-30T20:27:45,4.53,0.00,0.67,0.00,0.00,0.25,0.00,0.00,0.00,94.55
2022-08-30T20:27:46,4.43,0.00,0.75,0.00,0.00,0.17,0.00,0.00,0.00,94.64
2022-08-30T20:27:47,4.77,0.00,0.37,0.00,0.00,0.20,0.00,0.00,0.00,94.66
2022-08-30T20:27:48,4.55,0.00,0.62,0.00,0.00,0.12,0.00,0.00,0.00,94.70
2022-08-30T20:27:49,4.43,0.00,0.81,0.00,0.00,0.20,0.00,0.00,0.00,94.56
2022-08-30T20:27:50,4.50,0.00,0.66,0.00,0.00,0.06,0.00,0.00,0.00,94.78
2022-08-30T20:27:51,4.45,0.00,0.76,0.00,0.00,0.12,0.00,0.00,0.00,94.67
2022-08-30T20:27:52,4.45,0.00,0.74,0.00,0.00,0.09,0.00,0.00,0.00,94.73
2022-08-30T20:27:53,4.44,0.00,0.76,0.00,0.00,0.12,0.00,0.00,0.00,94.67
2022-08-30T20:27:54,4.62,0.00,0.63,0.00,0.00,0.06,0.00,0.00,0.00,94.70
2022-08-30T20:27:55,4.21,0.00,1.02,0.00,0.00,0.16,0.00,0.00,0.00,94.61
2022-08-30T20:27:56,4.68,0.00,0.75,0.00,0.00,0.05,0.00,0.00,0.00,94.52
2022-08-30T20:27:57,4.26,0.00,0.95,0.00,0.00,0.09,0.00,0.00,0.00,94.70
2022-08-30T20:27:58,4.89,0.00,0.51,0.00,0.00,0.10,0.00,0.00,0.00,94.50
2022-08-30T20:27:59,4.01,0.00,1.22,0.00,0.00,0.26,0.00,0.00,0.00,94.50
2022-08-30T20:28:00,4.98,0.00,0.47,0.00,0.00,0.05,0.00,0.00,0.00,94.50
2022-08-30T20:28:01,4.35,0.00,1.04,0.00,0.00,0.12,0.00,0.00,0.00,94.49
2022-08-30T20:28:02,4.35,0.00,0.95,0.00,0.00,0.05,0.00,0.00,0.00,94.65
2022-08-30T20:28:03,5.10,0.00,0.60,0.00,0.00,0.10,0.00,0.00,0.00,94.20
2022-08-30T20:28:04,4.11,0.00,1.10,0.00,0.00,0.16,0.00,0.00,0.00,94.63
2022-08-30T20:28:05,4.75,0.00,0.69,0.00,0.00,0.10,0.00,0.00,0.00,94.47
2022-08-30T20:28:06,4.64,0.00,0.94,0.00,0.00,0.06,0.00,0.00,0.00,94.36
2022-08-30T20:28:07,4.29,0.00,0.95,0.00,0.00,0.07,0.00,0.00,0.00,94.69
2022-08-30T20:28:08,4.59,0.00,0.89,0.00,0.00,0.06,0.00,0.00,0.00,94.46
2022-08-30T20:28:09,4.44,0.00,0.90,0.00,0.00,0.07,0.00,0.00,0.00,94.58
2022-08-30T20:28:10,4.72,0.00,0.93,0.00,0.00,0.04,0.00,0.00,0.00,94.32
2022-08-30T20:28:11,4.65,0.00,0.89,0.00,0.00,0.07,0.00,0.00,0.00,94.39
2022-08-30T20:28:12,4.40,0.00,0.90,0.00,0.00,0.11,0.00,0.00,0.00,94.59
2022-08-30T20:28:13,4.72,0.00,0.80,0.00,0.00,0.07,0.00,0.00,0.00,94.41
2022-08-30T20:28:14,4.25,0.00,0.97,0.00,0.00,0.10,0.00,0.00,0.00,94.68
2022-08-30T20:28:15,4.96,0.00,0.52,0.00,0.00,0.10,0.00,0.00,0.00,94.41
2022-08-30T20:28:16,4.10,0.00,1.11,0.00,0.00,0.24,0.00,0.00,0.00,94.55
2022-08-30T20:28:17,5.08,0.00,0.38,0.00,0.00,0.01,0.00,0.00,0.00,94.53
2022-08-30T20:28:18,3.56,0.00,1.57,0.00,0.00,0.37,0.00,0.00,0.00,94.49
2022-08-30T20:28:19,4.99,0.00,0.41,0.00,0.00,0.30,0.00,0.00,0.00,94.30
2022-08-30T20:28:20,4.10,0.00,1.11,0.00,0.00,0.32,0.00,0.00,0.00,94.47
2022-08-30T20:28:21,4.85,0.00,0.60,0.00,0.00,0.11,0.00,0.00,0.00,94.44
2022-08-30T20:28:22,4.47,0.00,0.80,0.00,0.00,0.01,0.00,0.00,0.00,94.71
2022-08-30T20:28:23,4.10,0.00,1.31,0.00,0.00,0.15,0.00,0.00,0.00,94.44
2022-08-30T20:28:24,4.96,0.00,0.45,0.00,0.00,0.11,0.00,0.00,0.00,94.48
2022-08-30T20:28:25,3.93,0.00,1.28,0.00,0.00,0.08,0.00,0.00,0.00,94.72
2022-08-30T20:28:26,4.99,0.00,0.49,0.00,0.00,0.01,0.00,0.00,0.00,94.51
2022-08-30T20:28:27,4.44,0.00,0.81,0.00,0.00,0.14,0.00,0.00,0.00,94.61
2022-08-30T20:28:28,4.39,0.00,1.02,0.00,0.00,0.44,0.00,0.00,0.00,94.15
2022-08-30T20:28:29,4.71,0.00,0.63,0.00,0.00,0.62,0.00,0.00,0.00,94.03
2022-08-30T20:28:30,4.30,0.00,0.91,0.00,0.00,0.42,0.00,0.00,0.00,94.36
2022-08-30T20:28:31,4.96,0.00,0.47,0.00,0.00,0.41,0.00,0.00,0.00,94.16
2022-08-30T20:28:32,3.83,0.00,1.50,0.00,0.00,0.08,0.00,0.00,0.00,94.60
2022-08-30T20:28:33,4.46,0.00,1.06,0.00,0.00,0.12,0.00,0.00,0.00,94.36
2022-08-30T20:28:34,4.15,0.00,1.14,0.00,0.00,0.05,0.00,0.00,0.00,94.66
2022-08-30T20:28:35,4.52,0.00,0.95,0.00,0.00,0.10,0.00,0.00,0.00,94.43
2022-08-30T20:28:36,4.32,0.00,0.97,0.00,0.00,0.07,0.00,0.00,0.00,94.63
2022-08-30T20:28:37,4.84,0.00,0.60,0.00,0.00,0.11,0.00,0.00,0.00,94.45
2022-08-30T20:28:38,3.32,0.00,2.26,0.00,0.00,0.05,0.00,0.00,0.00,94.37
2022-08-30T20:28:39,2.70,0.00,2.62,0.00,0.00,0.16,0.00,0.00,0.00,94.52
2022-08-30T20:28:40,2.99,0.00,2.85,0.00,0.00,0.09,0.00,0.00,0.00,94.07
2022-08-30T20:28:41,3.30,0.00,2.28,0.00,0.00,0.14,0.00,0.00,0.00,94.29
2022-08-30T20:28:42,3.46,0.00,1.94,0.00,0.00,0.05,0.00,0.00,0.00,94.55
2022-08-30T20:28:43,3.09,0.00,2.24,0.00,0.00,0.11,0.00,0.00,0.00,94.56
2022-08-30T20:28:44,3.21,0.00,2.17,0.00,0.00,0.05,0.00,0.00,0.00,94.56
2022-08-30T20:28:45,3.05,0.00,2.43,0.00,0.00,0.09,0.00,0.00,0.00,94.43
2022-08-30T20:28:46,3.11,0.00,2.39,0.00,0.00,0.07,0.00,0.00,0.00,94.43
2022-08-30T20:28:47,3.55,0.00,1.89,0.00,0.00,0.07,0.00,0.00,0.00,94.49
2022-08-30T20:28:48,3.00,0.00,2.45,0.00,0.00,0.06,0.00,0.00,0.00,94.49
2022-08-30T20:28:49,3.66,0.00,1.76,0.00,0.00,0.11,0.00,0.00,0.00,94.46
2022-08-30T20:28:50,3.37,0.00,2.10,0.00,0.00,0.07,0.00,0.00,0.00,94.45
2022-08-30T20:28:51,3.00,0.00,2.41,0.00,0.00,0.11,0.00,0.00,0.00,94.48
2022-08-30T20:28:52,3.05,0.00,2.42,0.00,0.00,0.04,0.00,0.00,0.00,94.49
2022-08-30T20:28:53,3.03,0.00,2.30,0.00,0.00,0.11,0.00,0.00,0.00,94.56
2022-08-30T20:28:54,3.21,0.00,2.25,0.00,0.00,0.06,0.00,0.00,0.00,94.48
2022-08-30T20:28:55,3.19,0.00,2.32,0.00,0.00,0.17,0.00,0.00,0.00,94.32
2022-08-30T20:28:56,3.08,0.00,2.30,0.00,0.00,0.04,0.00,0.00,0.00,94.59
2022-08-30T20:28:57,3.00,0.00,2.44,0.00,0.00,0.11,0.00,0.00,0.00,94.45
2022-08-30T20:28:58,2.90,0.00,2.50,0.00,0.00,0.03,0.00,0.00,0.00,94.57
2022-08-30T20:28:59,3.23,0.00,2.21,0.00,0.00,0.16,0.00,0.00,0.00,94.39
2022-08-30T20:29:00,3.03,0.00,2.38,0.00,0.00,0.10,0.00,0.00,0.00,94.50
2022-08-30T20:29:01,2.96,0.00,2.47,0.00,0.00,0.20,0.00,0.00,0.00,94.37
2022-08-30T20:29:02,3.83,0.00,1.71,0.00,0.00,0.03,0.00,0.00,0.00,94.44
2022-08-30T20:29:03,3.20,0.00,2.27,0.00,0.00,0.10,0.00,0.00,0.00,94.43
2022-08-30T20:29:04,2.98,0.00,2.41,0.00,0.00,0.09,0.00,0.00,0.00,94.52
2022-08-30T20:29:05,2.85,0.00,2.67,0.00,0.00,0.06,0.00,0.00,0.00,94.42
2022-08-30T20:29:06,3.02,0.00,2.34,0.00,0.00,0.06,0.00,0.00,0.00,94.58
2022-08-30T20:29:07,3.13,0.00,2.41,0.00,0.00,0.16,0.00,0.00,0.00,94.30
2022-08-30T20:29:08,3.23,0.00,2.09,0.00,0.00,0.05,0.00,0.00,0.00,94.63
2022-08-30T20:29:09,3.05,0.00,2.34,0.00,0.00,0.11,0.00,0.00,0.00,94.50
2022-08-30T20:29:10,3.14,0.00,2.34,0.00,0.00,0.06,0.00,0.00,0.00,94.47
2022-08-30T20:29:11,3.23,0.00,2.68,0.00,0.00,0.21,0.00,0.00,0.00,93.88
2022-08-30T20:29:12,2.88,0.00,2.53,0.00,0.00,0.05,0.00,0.00,0.00,94.55
2022-08-30T20:29:13,3.52,0.00,2.05,0.00,0.00,0.16,0.00,0.00,0.00,94.27
2022-08-30T20:29:14,3.23,0.00,2.33,0.00,0.00,0.01,0.00,0.00,0.00,94.43
2022-08-30T20:29:15,2.98,0.00,2.43,0.00,0.00,0.11,0.00,0.00,0.00,94.48
2022-08-30T20:29:16,3.35,0.00,2.16,0.00,0.00,0.02,0.00,0.00,0.00,94.46
2022-08-30T20:29:17,3.11,0.00,2.34,0.00,0.00,0.14,0.00,0.00,0.00,94.42
2022-08-30T20:29:18,2.86,0.00,2.59,0.00,0.00,0.06,0.00,0.00,0.00,94.48
2022-08-30T20:29:19,2.96,0.00,2.36,0.00,0.00,0.17,0.00,0.00,0.00,94.50
2022-08-30T20:29:20,2.91,0.00,2.53,0.00,0.00,0.05,0.00,0.00,0.00,94.51
2022-08-30T20:29:21,3.41,0.00,2.11,0.00,0.00,0.12,0.00,0.00,0.00,94.36
2022-08-30T20:29:22,3.07,0.00,2.25,0.00,0.00,0.05,0.00,0.00,0.00,94.63
2022-08-30T20:29:23,3.54,0.00,1.90,0.00,0.00,0.17,0.00,0.00,0.00,94.39
2022-08-30T20:29:24,4.36,0.00,0.95,0.00,0.00,0.07,0.00,0.00,0.00,94.62
2022-08-30T20:29:25,3.88,0.00,1.31,0.00,0.00,0.10,0.00,0.00,0.00,94.71
2022-08-30T20:29:26,4.06,0.00,1.26,0.00,0.00,0.01,0.00,0.00,0.00,94.67
2022-08-30T20:29:27,3.94,0.00,1.26,0.00,0.00,0.14,0.00,0.00,0.00,94.67
2022-08-30T20:29:28,3.96,0.00,1.36,0.00,0.00,0.06,0.00,0.00,0.00,94.61
2022-08-30T20:29:29,3.95,0.00,1.35,0.00,0.00,0.12,0.00,0.00,0.00,94.58
2022-08-30T20:29:30,4.07,0.00,1.20,0.00,0.00,0.15,0.00,0.00,0.00,94.58
2022-08-30T20:29:31,4.08,0.00,1.22,0.00,0.00,0.10,0.00,0.00,0.00,94.59
2022-08-30T20:29:32,4.05,0.00,1.34,0.00,0.00,0.05,0.00,0.00,0.00,94.57
2022-08-30T20:29:33,4.08,0.00,1.26,0.00,0.00,0.11,0.00,0.00,0.00,94.54
2022-08-30T20:29:34,4.51,0.00,0.71,0.00,0.00,0.07,0.00,0.00,0.00,94.70
2022-08-30T20:29:35,4.56,0.00,0.64,0.00,0.00,0.10,0.00,0.00,0.00,94.70
2022-08-30T20:29:36,4.72,0.00,0.49,0.00,0.00,0.06,0.00,0.00,0.00,94.73
2022-08-30T20:29:37,4.60,0.00,0.56,0.00,0.00,0.14,0.00,0.00,0.00,94.70
2022-08-30T20:29:38,4.52,0.00,0.72,0.00,0.00,0.06,0.00,0.00,0.00,94.69
2022-08-30T20:29:39,4.47,0.00,0.66,0.00,0.00,0.07,0.00,0.00,0.00,94.79
2022-08-30T20:29:40,4.51,0.00,0.71,0.00,0.00,0.06,0.00,0.00,0.00,94.71
2022-08-30T20:29:41,4.87,0.00,0.82,0.00,0.00,0.14,0.00,0.00,0.00,94.17
2022-08-30T20:29:42,4.49,0.00,0.63,0.00,0.00,0.04,0.00,0.00,0.00,94.85
2022-08-30T20:29:43,4.48,0.00,0.71,0.00,0.00,0.14,0.00,0.00,0.00,94.67
2022-08-30T20:29:44,4.46,0.00,0.76,0.00,0.00,0.06,0.00,0.00,0.00,94.71
2022-08-30T20:29:45,4.54,0.00,0.65,0.00,0.00,0.15,0.00,0.00,0.00,94.66
2022-08-30T20:29:46,4.83,0.00,0.56,0.00,0.00,0.07,0.00,0.00,0.00,94.53
2022-08-30T20:29:47,4.35,0.00,0.97,0.00,0.00,0.12,0.00,0.00,0.00,94.55
2022-08-30T20:29:48,4.83,0.00,0.72,0.00,0.00,0.06,0.00,0.00,0.00,94.38
2022-08-30T20:29:49,4.27,0.00,1.06,0.00,0.00,0.10,0.00,0.00,0.00,94.57
2022-08-30T20:29:50,4.42,0.00,1.01,0.00,0.00,0.06,0.00,0.00,0.00,94.50
2022-08-30T20:29:51,4.70,0.00,0.76,0.00,0.00,0.06,0.00,0.00,0.00,94.47
2022-08-30T20:29:52,4.41,0.00,0.87,0.00,0.00,0.06,0.00,0.00,0.00,94.65
2022-08-30T20:29:53,4.78,0.00,0.50,0.00,0.00,0.08,0.00,0.00,0.00,94.65
2022-08-30T20:29:54,4.55,0.00,0.66,0.00,0.00,0.04,0.00,0.00,0.00,94.75
2022-08-30T20:29:55,4.60,0.00,0.81,0.00,0.00,0.11,0.00,0.00,0.00,94.48
2022-08-30T20:29:56,4.15,0.00,1.08,0.00,0.00,0.05,0.00,0.00,0.00,94.72
2022-08-30T20:29:57,4.91,0.00,0.51,0.00,0.00,0.14,0.00,0.00,0.00,94.44
2022-08-30T20:29:58,4.36,0.00,0.95,0.00,0.00,0.06,0.00,0.00,0.00,94.62
2022-08-30T20:29:59,4.64,0.00,0.84,0.01,0.00,0.09,0.00,0.00,0.00,94.42
2022-08-30T20:30:00,4.44,0.00,0.89,0.00,0.00,0.06,0.00,0.00,0.00,94.61
2022-08-30T20:30:01,4.28,0.00,1.17,0.00,0.00,0.12,0.00,0.00,0.00,94.42
2022-08-30T20:30:02,4.65,0.00,0.79,0.00,0.00,0.07,0.00,0.00,0.00,94.49
2022-08-30T20:30:03,4.27,0.00,1.09,0.00,0.00,0.17,0.00,0.00,0.00,94.47
2022-08-30T20:30:04,4.94,0.00,0.62,0.00,0.00,0.05,0.00,0.00,0.00,94.39
2022-08-30T20:30:05,3.85,0.00,1.29,0.00,0.00,0.14,0.00,0.00,0.00,94.73
2022-08-30T20:30:06,4.96,0.00,0.48,0.00,0.00,0.03,0.00,0.00,0.00,94.53
2022-08-30T20:30:07,4.14,0.00,1.08,0.00,0.00,0.08,0.00,0.00,0.00,94.71
2022-08-30T20:30:08,4.58,0.00,0.93,0.00,0.00,0.04,0.00,0.00,0.00,94.46
2022-08-30T20:30:09,4.50,0.00,0.89,0.00,0.00,0.06,0.00,0.00,0.00,94.55
2022-08-30T20:30:10,4.21,0.00,1.10,0.00,0.00,0.02,0.00,0.00,0.00,94.66
2022-08-30T20:30:11,5.06,0.00,0.86,0.00,0.00,0.14,0.00,0.00,0.00,93.94
2022-08-30T20:30:12,4.11,0.00,1.20,0.00,0.00,0.06,0.00,0.00,0.00,94.63
2022-08-30T20:30:13,4.99,0.00,0.36,0.00,0.00,0.09,0.00,0.00,0.00,94.56
2022-08-30T20:30:14,3.82,0.00,1.36,0.00,0.00,0.07,0.00,0.00,0.00,94.74
2022-08-30T20:30:15,4.76,0.00,0.71,0.00,0.00,0.14,0.00,0.00,0.00,94.39
2022-08-30T20:30:16,4.52,0.00,0.75,0.00,0.00,0.14,0.00,0.00,0.00,94.59
2022-08-30T20:30:17,4.23,0.00,1.00,0.00,0.00,0.17,0.00,0.00,0.00,94.59
2022-08-30T20:30:18,4.93,0.00,0.45,0.00,0.00,0.01,0.00,0.00,0.00,94.60
2022-08-30T20:30:19,4.12,0.00,1.32,0.00,0.00,0.10,0.00,0.00,0.00,94.45
2022-08-30T20:30:20,5.00,0.00,0.35,0.00,0.00,0.09,0.00,0.00,0.00,94.56
2022-08-30T20:30:21,3.94,0.00,1.26,0.00,0.00,0.06,0.00,0.00,0.00,94.74
2022-08-30T20:30:22,4.82,0.00,0.61,0.00,0.00,0.01,0.00,0.00,0.00,94.56
2022-08-30T20:30:23,4.32,0.00,1.07,0.00,0.00,0.14,0.00,0.00,0.00,94.47
2022-08-30T20:30:24,4.49,0.00,0.95,0.00,0.00,0.02,0.00,0.00,0.00,94.54
2022-08-30T20:30:25,4.26,0.00,1.06,0.00,0.00,0.15,0.00,0.00,0.00,94.53
2022-08-30T20:30:26,4.69,0.00,0.65,0.00,0.00,0.09,0.00,0.00,0.00,94.58
2022-08-30T20:30:27,4.17,0.00,1.14,0.00,0.00,0.24,0.00,0.00,0.00,94.46
2022-08-30T20:30:28,4.93,0.00,0.52,0.00,0.00,0.07,0.00,0.00,0.00,94.47
2022-08-30T20:30:29,4.03,0.00,1.21,0.00,0.00,0.09,0.00,0.00,0.00,94.67
2022-08-30T20:30:30,5.04,0.00,0.46,0.00,0.00,0.16,0.00,0.00,0.00,94.33
2022-08-30T20:30:31,3.17,0.00,2.27,0.00,0.00,0.11,0.00,0.00,0.00,94.45
2022-08-30T20:30:32,2.82,0.00,2.62,0.00,0.00,0.06,0.00,0.00,0.00,94.49
2022-08-30T20:30:33,2.97,0.00,2.42,0.00,0.00,0.15,0.00,0.00,0.00,94.46
2022-08-30T20:30:34,2.85,0.00,2.63,0.00,0.00,0.05,0.00,0.00,0.00,94.47
2022-08-30T20:30:35,3.30,0.00,2.13,0.00,0.00,0.19,0.00,0.00,0.00,94.38
2022-08-30T20:30:36,2.94,0.00,2.40,0.00,0.00,0.06,0.00,0.00,0.00,94.60
2022-08-30T20:30:37,3.05,0.00,2.45,0.00,0.00,0.07,0.00,0.00,0.00,94.43
2022-08-30T20:30:38,3.22,0.00,2.17,0.00,0.00,0.10,0.00,0.00,0.00,94.50
2022-08-30T20:30:39,2.80,0.00,2.56,0.00,0.00,0.07,0.00,0.00,0.00,94.57
2022-08-30T20:30:40,3.56,0.00,1.85,0.00,0.00,0.06,0.00,0.00,0.00,94.53
2022-08-30T20:30:41,3.34,0.00,2.74,0.00,0.00,0.12,0.00,0.00,0.00,93.79
2022-08-30T20:30:42,3.11,0.00,2.32,0.00,0.00,0.04,0.00,0.00,0.00,94.53
2022-08-30T20:30:43,3.18,0.00,2.31,0.00,0.00,0.14,0.00,0.00,0.00,94.37
2022-08-30T20:30:44,2.93,0.00,2.40,0.00,0.00,0.13,0.00,0.00,0.00,94.55
2022-08-30T20:30:45,2.95,0.00,2.50,0.00,0.00,0.12,0.00,0.00,0.00,94.43
2022-08-30T20:30:46,3.08,0.00,2.33,0.00,0.00,0.06,0.00,0.00,0.00,94.54
2022-08-30T20:30:47,3.00,0.00,2.50,0.00,0.00,0.14,0.00,0.00,0.00,94.37
2022-08-30T20:30:48,2.99,0.00,2.42,0.00,0.00,0.07,0.00,0.00,0.00,94.51
2022-08-30T20:30:49,3.10,0.00,2.45,0.00,0.00,0.12,0.00,0.00,0.00,94.33
2022-08-30T20:30:50,3.53,0.00,1.90,0.00,0.00,0.10,0.00,0.00,0.00,94.47
2022-08-30T20:30:51,2.91,0.00,2.55,0.00,0.00,0.10,0.00,0.00,0.00,94.44
2022-08-30T20:30:52,3.25,0.00,2.16,0.00,0.00,0.08,0.00,0.00,0.00,94.51
2022-08-30T20:30:53,3.25,0.00,2.11,0.00,0.00,0.05,0.00,0.00,0.00,94.59
2022-08-30T20:30:54,3.05,0.00,2.44,0.00,0.00,0.07,0.00,0.00,0.00,94.44
2022-08-30T20:30:55,2.93,0.00,2.56,0.00,0.00,0.12,0.00,0.00,0.00,94.38
2022-08-30T20:30:56,2.89,0.00,2.56,0.00,0.00,0.05,0.00,0.00,0.00,94.50
2022-08-30T20:30:57,3.39,0.00,2.09,0.00,0.00,0.07,0.00,0.00,0.00,94.45
2022-08-30T20:30:58,3.13,0.00,2.34,0.00,0.00,0.10,0.00,0.00,0.00,94.44
2022-08-30T20:30:59,3.23,0.00,2.33,0.00,0.00,0.08,0.00,0.00,0.00,94.37
2022-08-30T20:31:00,3.00,0.00,2.40,0.00,0.00,0.12,0.00,0.00,0.00,94.47
2022-08-30T20:31:01,3.01,0.00,2.43,0.00,0.00,0.08,0.00,0.00,0.00,94.49
2022-08-30T20:31:02,2.99,0.00,2.47,0.00,0.00,0.09,0.00,0.00,0.00,94.45
2022-08-30T20:31:03,2.96,0.00,2.67,0.00,0.00,0.11,0.00,0.00,0.00,94.26
2022-08-30T20:31:04,3.23,0.00,2.16,0.00,0.00,0.10,0.00,0.00,0.00,94.51
2022-08-30T20:31:05,3.05,0.00,2.35,0.00,0.00,0.07,0.00,0.00,0.00,94.53
2022-08-30T20:31:06,3.59,0.00,1.85,0.00,0.00,0.03,0.00,0.00,0.00,94.54
2022-08-30T20:31:07,3.06,0.00,2.59,0.00,0.00,0.13,0.00,0.00,0.00,94.22
2022-08-30T20:31:08,3.01,0.00,2.42,0.00,0.00,0.09,0.00,0.00,0.00,94.48
2022-08-30T20:31:09,3.41,0.00,2.21,0.00,0.00,0.06,0.00,0.00,0.00,94.31
2022-08-30T20:31:10,3.03,0.00,2.38,0.00,0.00,0.06,0.00,0.00,0.00,94.53
2022-08-30T20:31:11,3.19,0.00,2.55,0.00,0.00,0.11,0.00,0.00,0.00,94.15
2022-08-30T20:31:12,3.00,0.00,2.44,0.00,0.00,0.09,0.00,0.00,0.00,94.48
2022-08-30T20:31:13,2.85,0.00,2.44,0.00,0.00,0.10,0.00,0.00,0.00,94.61
2022-08-30T20:31:14,3.37,0.00,2.11,0.00,0.00,0.07,0.00,0.00,0.00,94.44
2022-08-30T20:31:15,3.13,0.00,2.37,0.00,0.00,0.11,0.00,0.00,0.00,94.39
2022-08-30T20:31:16,3.61,0.00,1.86,0.00,0.00,0.10,0.00,0.00,0.00,94.43
2022-08-30T20:31:17,4.01,0.00,1.35,0.00,0.00,0.07,0.00,0.00,0.00,94.56
2022-08-30T20:31:18,3.98,0.00,1.31,0.00,0.00,0.12,0.00,0.00,0.00,94.58
2022-08-30T20:31:19,4.10,0.00,1.23,0.00,0.00,0.12,0.00,0.00,0.00,94.54
2022-08-30T20:31:20,4.30,0.00,1.01,0.00,0.00,0.07,0.00,0.00,0.00,94.62
2022-08-30T20:31:21,4.02,0.00,1.26,0.00,0.00,0.09,0.00,0.00,0.00,94.63
2022-08-30T20:31:22,3.89,0.00,1.31,0.00,0.00,0.07,0.00,0.00,0.00,94.73
2022-08-30T20:31:23,4.02,0.00,1.32,0.00,0.00,0.09,0.00,0.00,0.00,94.57
2022-08-30T20:31:24,4.71,0.00,0.54,0.00,0.00,0.10,0.00,0.00,0.00,94.65
2022-08-30T20:31:25,3.96,0.00,1.24,0.00,0.00,0.06,0.00,0.00,0.00,94.74
2022-08-30T20:31:26,4.04,0.00,1.21,0.00,0.00,0.11,0.00,0.00,0.00,94.64
2022-08-30T20:31:27,4.58,0.00,0.79,0.00,0.00,0.10,0.00,0.00,0.00,94.53
2022-08-30T20:31:28,4.47,0.00,0.77,0.00,0.00,0.12,0.00,0.00,0.00,94.63
2022-08-30T20:31:29,4.50,0.00,0.75,0.00,0.00,0.07,0.00,0.00,0.00,94.68
2022-08-30T20:31:30,4.50,0.00,0.73,0.00,0.00,0.11,0.00,0.00,0.00,94.66
2022-08-30T20:31:31,4.69,0.00,0.51,0.00,0.00,0.16,0.00,0.00,0.00,94.64
2022-08-30T20:31:32,4.78,0.00,0.49,0.00,0.00,0.19,0.00,0.00,0.00,94.55
2022-08-30T20:31:33,4.51,0.00,0.76,0.00,0.00,0.07,0.00,0.00,0.00,94.65
2022-08-30T20:31:34,4.70,0.00,0.71,0.00,0.00,0.07,0.00,0.00,0.00,94.51
2022-08-30T20:31:35,4.45,0.00,0.71,0.00,0.00,0.11,0.00,0.00,0.00,94.73
2022-08-30T20:31:36,4.61,0.00,0.79,0.00,0.00,0.06,0.00,0.00,0.00,94.54
2022-08-30T20:31:37,4.55,0.00,0.72,0.00,0.00,0.11,0.00,0.00,0.00,94.62
2022-08-30T20:31:38,4.48,0.00,0.79,0.00,0.00,0.10,0.00,0.00,0.00,94.63
2022-08-30T20:31:39,4.72,0.00,0.46,0.00,0.00,0.15,0.00,0.00,0.00,94.67
2022-08-30T20:31:40,3.88,0.00,1.25,0.00,0.00,0.13,0.00,0.00,0.00,94.75
2022-08-30T20:31:41,4.92,0.00,0.66,0.00,0.00,0.12,0.00,0.00,0.00,94.30
2022-08-30T20:31:42,4.55,0.00,0.95,0.00,0.00,0.14,0.00,0.00,0.00,94.37
2022-08-30T20:31:43,4.93,0.00,0.50,0.00,0.00,0.06,0.00,0.00,0.00,94.51
2022-08-30T20:31:44,3.87,0.00,1.29,0.00,0.00,0.15,0.00,0.00,0.00,94.70
2022-08-30T20:31:45,4.76,0.00,0.51,0.00,0.00,0.08,0.00,0.00,0.00,94.65
2022-08-30T20:31:46,4.30,0.00,1.07,0.00,0.00,0.11,0.00,0.00,0.00,94.52
2022-08-30T20:31:47,4.51,0.00,0.80,0.00,0.00,0.10,0.00,0.00,0.00,94.59
2022-08-30T20:31:48,4.48,0.00,0.78,0.00,0.00,0.10,0.00,0.00,0.00,94.65
2022-08-30T20:31:49,4.24,0.00,1.01,0.00,0.00,0.09,0.00,0.00,0.00,94.66
2022-08-30T20:31:50,4.86,0.00,0.58,0.00,0.00,0.05,0.00,0.00,0.00,94.52
2022-08-30T20:31:51,4.04,0.00,1.21,0.00,0.00,0.11,0.00,0.00,0.00,94.64
2022-08-30T20:31:52,4.78,0.00,0.63,0.00,0.00,0.04,0.00,0.00,0.00,94.56
2022-08-30T20:31:53,4.12,0.00,1.16,0.00,0.00,0.09,0.00,0.00,0.00,94.63
2022-08-30T20:31:54,4.89,0.00,0.46,0.00,0.00,0.05,0.00,0.00,0.00,94.60
2022-08-30T20:31:55,4.06,0.00,1.14,0.00,0.00,0.11,0.00,0.00,0.00,94.69
2022-08-30T20:31:56,5.10,0.00,0.43,0.00,0.00,0.10,0.00,0.00,0.00,94.37
2022-08-30T20:31:57,4.05,0.00,1.09,0.00,0.00,0.06,0.00,0.00,0.00,94.80
2022-08-30T20:31:58,5.05,0.00,0.43,0.00,0.00,0.08,0.00,0.00,0.00,94.45
2022-08-30T20:31:59,4.60,0.00,0.65,0.00,0.00,0.07,0.00,0.00,0.00,94.68
2022-08-30T20:32:00,4.51,0.00,1.00,0.00,0.00,0.06,0.00,0.00,0.00,94.42
2022-08-30T20:32:01,4.95,0.00,0.56,0.00,0.00,0.10,0.00,0.00,0.00,94.39
2022-08-30T20:32:02,1.36,0.00,2.65,0.42,0.00,0.22,0.00,0.00,0.00,95.35
2022-08-30T20:32:03,0.35,0.00,1.28,0.26,0.00,0.03,0.00,0.00,0.00,98.09
2022-08-30T20:32:04,0.10,0.00,0.48,0.76,0.00,0.03,0.00,0.00,0.00,98.64
2022-08-30T20:32:05,0.01,0.00,0.23,1.11,0.00,0.03,0.00,0.00,0.00,98.62
2022-08-30T20:32:06,0.04,0.00,0.20,0.30,0.00,0.01,0.00,0.00,0.00,99.45
2022-08-30T20:32:07,0.10,0.00,0.16,0.00,0.00,0.00,0.00,0.00,0.00,99.74
2022-08-30T20:32:08,0.07,0.00,0.12,0.00,0.00,0.00,0.00,0.00,0.00,99.80
2022-08-30T20:32:09,0.15,0.00,0.20,0.00,0.00,0.02,0.00,0.00,0.00,99.63
2022-08-30T20:32:10,0.01,0.00,0.10,0.00,0.00,0.00,0.00,0.00,0.00,99.89
2022-08-30T20:32:11,0.05,0.00,0.04,0.36,0.00,0.00,0.00,0.00,0.00,99.55
2022-08-30T20:32:12,0.24,0.00,0.31,0.00,0.00,0.01,0.00,0.00,0.00,99.44
2022-08-30T20:32:13,0.01,0.00,0.09,0.00,0.00,0.01,0.00,0.00,0.00,99.89
2022-08-30T20:32:14,0.01,0.00,0.06,0.00,0.00,0.00,0.00,0.00,0.00,99.93
2022-08-30T20:32:15,0.03,0.00,0.05,0.00,0.00,0.00,0.00,0.00,0.00,99.92
